blockchain,version,block_time,entrypoint_contract,tx_hash,sender,userop_hash,success,paymaster,op_fee,op_fee_usd,bundler,tx_to,gas_symbol,tx_fee,tx_fee_usd,beneficiary
arbitrum,v0.5,2023-04-19T20:59:00Z,0x0576a174d229e3cfa37253523e645a78a0c91b57,0xd5bc9ffa08684bb02ef1f5ca66bdfd484c91bd569c4f3815f07ec20bea859d80,0x430c3c50fb0057361c3847e9ff8b9a3816d42e53,0x25aeccb962abc3b3f3b66ae90021686fa011e6bd04dcc75392b33d5c1c5d8854,TRUE,0xa880eae8900eb59bf7dad9bdb741a086238adca9,0.000604,1.19609516,0x433704c40f80cbff02e86fd36bc8bac5e31eb0c1,0x0576a174d229e3cfa37253523e645a78a0c91b57,ETH,0.000678967,1.344552353,0x433704c40f80cbff02e86fd36bc8bac5e31eb0c1
arbitrum,v0.5,2023-04-17T18:57:00Z,0x0576a174d229e3cfa37253523e645a78a0c91b57,0xf5fc19d3b04606b745e1601211bf65dd41b0368d3a8b88f262f8a0ebe3836fc8,0x8ad3bec3b15a100cce50869affd35f72d946615c,0xed87d007cdcc781b8cb4e8acdd8c657aa105a00cc1f08ba69670f7c72b86b570,TRUE,0x0000000000000000000000000000000000000000,0.000008619,0.017982595,0xdf0a70aea6aa475135e3cd4fc22a49258dad0eb0,0x0576a174d229e3cfa37253523e645a78a0c91b57,ETH,0.000153569,0.320405243,0xd7735a92f35afc4c7bfd78dc56fc83b8f56daa2a
arbitrum,v0.5,2023-04-17T20:50:00Z,0x0576a174d229e3cfa37253523e645a78a0c91b57,0xc03ad99f36a63a5e5f5a0be2ac566e80c0a5a7e095c64991bc7b29ac296e39d1,0x8ad3bec3b15a100cce50869affd35f72d946615c,0x146e55dc4848ff21f9897ac1838016d841c5477b1fdc79a4e27ffe2d0f9c640d,TRUE,0x0000000000000000000000000000000000000000,0.000008619,0.017904852,0xdf0a70aea6aa475135e3cd4fc22a49258dad0eb0,0x0576a174d229e3cfa37253523e645a78a0c91b57,ETH,0.000168417,0.349865047,0xd7735a92f35afc4c7bfd78dc56fc83b8f56daa2a
arbitrum,v0.6,2023-06-12T20:55:00Z,0x5ff137d4b0fdcd49dca30c7cf57e578a026d2789,0x4975166103821e57f0d84ec5e33f5d0d7e1361705b7a3de0f932f4474e0d88ee,0xdb24c266023069ffb7f4b25462d4802e6d88d1cf,0x1d147b2ca46e120a7ea4b5aa9f4dea0f1b07949cb430e12d8e83935234937eed,TRUE,0xe93eca6595fe94091dc1af46aac2a8b5d7990770,0.000233668,0.406257174,0x25df024637d4e56c1ae9563987bf3e92c9f534c0,0x5ff137d4b0fdcd49dca30c7cf57e578a026d2789,ETH,0.000249866,0.434419352,0x25df024637d4e56c1ae9563987bf3e92c9f534c0
arbitrum,v0.6,2023-06-16T00:53:00Z,0x5ff137d4b0fdcd49dca30c7cf57e578a026d2789,0xb87d911afbb4025a498d6a19e08e42432417898a7af238f53b9aba957f3fe506,0x171620a0dfd15954c5eb2cf7065b5bb2035ed21e,0x45f1e95819a7173a488f6694bdc95bee27b329666fd23ebcc2f0a034700cb900,TRUE,0xe93eca6595fe94091dc1af46aac2a8b5d7990770,0.000209805,0.34902657,0x25df024637d4e56c1ae9563987bf3e92c9f534c0,0x5ff137d4b0fdcd49dca30c7cf57e578a026d2789,ETH,0.000236455,0.393361809,0x25df024637d4e56c1ae9563987bf3e92c9f534c0
arbitrum,v0.6,2023-06-15T16:22:00Z,0x5ff137d4b0fdcd49dca30c7cf57e578a026d2789,0xb71bf6d8673130bc3fba3130f16c076b11ae68ded3f78bac7441394eae4d60ef,0x4deb97a8b13b297a568f929dab63fbd3e601f1db,0x4848943f2f8ff90f5393f3d19c22c2460877dce55452423826276379c9b11072,TRUE,0xe93eca6595fe94091dc1af46aac2a8b5d7990770,0.000300684,0.493641122,0x25df024637d4e56c1ae9563987bf3e92c9f534c0,0x5ff137d4b0fdcd49dca30c7cf57e578a026d2789,ETH,0.000326301,0.535698305,0x25df024637d4e56c1ae9563987bf3e92c9f534c0
avalanche_c,v0.5,2023-05-02T09:40:00Z,0x0576a174d229e3cfa37253523e645a78a0c91b57,0x3c6de4059755b585381bab8bc228e32d7484602def61d025cfd8720c5013e937,0x5023dcb71e64f2890649a8d99e04a5c3c5e115b0,0x3fab748486ed759642dd60ac236c91129f2a9b579a3d7d15ae1d6892ac9289ce,TRUE,0x6b138aa2989e60b25b305528d7c91dd2c8cb756c,0.015715575,0.261192857,0x9c98b1528c26cf36e78527308c1b21d89baed700,0x0576a174d229e3cfa37253523e645a78a0c91b57,WAVAX,0.015446625,0.256722908,0x9c98b1528c26cf36e78527308c1b21d89baed700
avalanche_c,v0.5,2023-04-19T14:29:00Z,0x0576a174d229e3cfa37253523e645a78a0c91b57,0x2d5be20c2c82ee5a02f914d178585b45f0696a822171a45ea25c804a26810ac6,0xb87d01334b29f172c26fd07dc9273b33c6bd75a9,0x67cca6011b74a070afbe00bddd41eee1a83eb3b00d0b3c71a03bf00fd4e377de,TRUE,0x0000000000000000000000000000000000000000,0.02314489713259951,0.45688026939751425,0xae13fcfb77eb02361c196e30105e91867afac369,0x0576a174d229e3cfa37253523e645a78a0c91b57,WAVAX,0.023965052980341715,0.4730701458319454,0xd7735a92f35afc4c7bfd78dc56fc83b8f56daa2a
avalanche_c,v0.5,2023-05-02T10:11:00Z,0x0576a174d229e3cfa37253523e645a78a0c91b57,0xed2e155b7bfb8503d80bd83f8e60fc585e7efdd992c1419ee5f8fb434bd615ce,0x5023dcb71e64f2890649a8d99e04a5c3c5e115b0,0x49c6ab36fda65d5640dccef39069cee3105cf5b7758eb9a1bf5b0ba39dcd54fa,TRUE,0x6b138aa2989e60b25b305528d7c91dd2c8cb756c,0.015799582140352857,0.26258905517266445,0x9c98b1528c26cf36e78527308c1b21d89baed700,0x0576a174d229e3cfa37253523e645a78a0c91b57,WAVAX,0.015529194476099536,0.2580952121927743,0x9c98b1528c26cf36e78527308c1b21d89baed700
avalanche_c,v0.6,2023-05-04T15:51:00Z,0x5ff137d4b0fdcd49dca30c7cf57e578a026d2789,0x4ef2134f15c87ea2a43073ec812b89499f83baebadce8ce80153964af8028f34,0x4dae741c81dabe5bb420fdc1bc91d2ff6a41cf6e,0xa2e67cb1d200e2a1d26981535fb152ff82a76f156347a4511f57a39716e63e2a,TRUE,0xe93eca6595fe94091dc1af46aac2a8b5d7990770,0.006672342797294082,0.11309621041413469,0x25df024637d4e56c1ae9563987bf3e92c9f534c0,0x5ff137d4b0fdcd49dca30c7cf57e578a026d2789,WAVAX,0.006394668739888383,0.10838963514110808,0x25df024637d4e56c1ae9563987bf3e92c9f534c0
avalanche_c,v0.6,2023-06-06T07:36:00Z,0x5ff137d4b0fdcd49dca30c7cf57e578a026d2789,0x254f91bd46957334d36565e511684e4f8011cff1f83c0f2fe659a388cf68489a,0xb79143e7615bcd4ad5d15e1eaa2a1557e6a981f4,0x33e868851c0d14d41885671b5ff13f96878d61b6a5533f445b93e6d687ac6a94,TRUE,0xe93eca6595fe94091dc1af46aac2a8b5d7990770,0.0034824,0.04927596,0x25df024637d4e56c1ae9563987bf3e92c9f534c0,0x5ff137d4b0fdcd49dca30c7cf57e578a026d2789,WAVAX,0.003565775,0.050455716,0x25df024637d4e56c1ae9563987bf3e92c9f534c0
avalanche_c,v0.6,2023-05-12T21:41:00Z,0x5ff137d4b0fdcd49dca30c7cf57e578a026d2789,0xea457c2c12eb22f246697053dbb70cff57497deab127086097f1842fc39f95f6,0xb79143e7615bcd4ad5d15e1eaa2a1557e6a981f4,0x7aced242f9385b459e32cdf52a7ebc52d2106bfdd1c68915ab36e3cfa202bbff,TRUE,0xe93eca6595fe94091dc1af46aac2a8b5d7990770,0.006874475,0.104217041,0x25df024637d4e56c1ae9563987bf3e92c9f534c0,0x5ff137d4b0fdcd49dca30c7cf57e578a026d2789,WAVAX,0.00696185,0.105541646,0x25df024637d4e56c1ae9563987bf3e92c9f534c0
ethereum,v0.5,2023-03-12T02:16:00Z,0x0576a174d229e3cfa37253523e645a78a0c91b57,0x6fd9b68cde644593b512005612722604ba8304dd65baf028cda37c2962598e50,0xfa5faad42d9e3e6e270c0c78d5e48786b74596f8,0xe30086eae00e6fe51b028df9892a5bdecabdd8c296e5dd0ada46893eabb23ee7,TRUE,0x6087c019c9495139ad9ed230173e8681dee3fff2,0.002170882775862206,3.1931080573602015,0x9c98b1528c26cf36e78527308c1b21d89baed700,0x0576a174d229e3cfa37253523e645a78a0c91b57,ETH,0.002072858,3.0489257962318863,0x9c98b1528c26cf36e78527308c1b21d89baed700
ethereum,v0.5,2023-04-14T22:20:00Z,0x0576a174d229e3cfa37253523e645a78a0c91b57,0x90e840ecd9edde388216f451ff2e6303c95e0577aafee4c93c525fbbde8417c4,0x8878468e8f465d5fa57f9bff2c4c75b7626e8be8,0xe8d4b516f0699e7d13da3bff2441d0222cf91b9f9b77af3376956281accbecf1,TRUE,0x6087c019c9495139ad9ed230173e8681dee3fff2,0.007546246871609901,15.879189979585135,0x9c98b1528c26cf36e78527308c1b21d89baed700,0x0576a174d229e3cfa37253523e645a78a0c91b57,ETH,0.007094364669352582,14.92831685548517,0x9c98b1528c26cf36e78527308c1b21d89baed700
ethereum,v0.5,2023-03-20T13:43:00Z,0x0576a174d229e3cfa37253523e645a78a0c91b57,0x072bfdf4d608869e220cc4b67373f89a17ec97c1cdc5ee7b7db3fa4277cc7007,0xcc04f1f4ea249ea2d540e47fb225a469c199eb8c,0xfa1cf9e312a975d203d3630e97665ab3dc15b4df968ce70f12d82343529f8ad5,TRUE,0x6087c019c9495139ad9ed230173e8681dee3fff2,0.002661086597567488,4.711320766663359,0x9c98b1528c26cf36e78527308c1b21d89baed700,0x0576a174d229e3cfa37253523e645a78a0c91b57,ETH,0.002544069463098816,4.504147780943299,0x9c98b1528c26cf36e78527308c1b21d89baed700
ethereum,v0.6,2023-04-17T14:12:00Z,0x5ff137d4b0fdcd49dca30c7cf57e578a026d2789,0x54ebee2b1220075f41a1fcd468112e57bede06852aca87e8bb978167ab87cb20,0xa80fb660af2b524b4a3e0c3de3978080d314ecf6,0x5ea3ec2863ca4a968253232261d332577d34c23a155ee029ca0deee319c1e84b,TRUE,0x0000000000000000000000000000000000000000,0.003899906654544875,8.081854558346436,0x25df024637d4e56c1ae9563987bf3e92c9f534c0,0x5ff137d4b0fdcd49dca30c7cf57e578a026d2789,ETH,0.003971145821374314,8.229484909,0x25df024637d4e56c1ae9563987bf3e92c9f534c0
ethereum,v0.6,2023-04-28T19:18:00Z,0x5ff137d4b0fdcd49dca30c7cf57e578a026d2789,0x5d9c4b0439d8dd70a65f193d4daa20d941305637155e6b72d460667987f9fb48,0xb79143e7615bcd4ad5d15e1eaa2a1557e6a981f4,0x2853fefb45ca647e4b8d7526f0af3843ddbe74178be3658072ecf19784b3f74d,TRUE,0xe93eca6595fe94091dc1af46aac2a8b5d7990770,0.014974815922673823,28.460835646315413,0x25df024637d4e56c1ae9563987bf3e92c9f534c0,0x5ff137d4b0fdcd49dca30c7cf57e578a026d2789,ETH,0.012990822016645243,24.69009650839562,0x25df024637d4e56c1ae9563987bf3e92c9f534c0
ethereum,v0.6,2023-05-16T03:29:00Z,0x5ff137d4b0fdcd49dca30c7cf57e578a026d2789,0xc6e0cc647a67989cf7aee8fdb32a45cf05d7642a8cc2d56ff9750eaa0fab99dc,0x3816c74988d0e81de2125b99f7efada2dbce5ace,0xde52d68ee664630ea32b16ff6115bcc576c62e974beb2576a4b773995349805a,TRUE,0xe93eca6595fe94091dc1af46aac2a8b5d7990770,0.02755891494676571,49.946399503770834,0x66e29f0b6b1b07071f2fde4345d512386cb66f5f,0x51c62eea2fe1ddc18b334b6af70df468409b0288,ETH,0.025622239193834224,46.43646520294545,0x51c62eea2fe1ddc18b334b6af70df468409b0288
gnosis,v0.5,2023-03-24T23:34:00Z,0x0576a174d229e3cfa37253523e645a78a0c91b57,0x83fd31d088ba18878df7440709850d3ba582145989bdb1ddf1eafcc6ff3a5719,0x29f418bcea98925cc9f2fe16259b9ccb93486bf6,0x799574c9a463aed7af6f3be129ad5832057901ff802ccf03fae69072b5a77c63,TRUE,0x0000000000000000000000000000000000000000,0,0,0x6b73d9b538c633bcb45e01272bc793274ef2b7ad,0x0576a174d229e3cfa37253523e645a78a0c91b57,DAI,0.000166629,0.00016675513932028592,0x3f38c44de590a070f464f2f176ed189e0dc1cbf8
gnosis,v0.5,2023-03-25T23:40:00Z,0x0576a174d229e3cfa37253523e645a78a0c91b57,0xf60e01101cc2653c889300b3f14f76060b0bb97364e0a3a00f802762734cb284,0xd49e39ab96b1d2a43684b6e0860a65c33fffeaad,0xb365095fe3759d4fcd2b4ae27d9893450fdb46825ef420f4947f3cfabd07028e,TRUE,0x0000000000000000000000000000000000000000,0,0,0x0f30777a7f18e760dbb45eca7e18bd35c982e23f,0x0576a174d229e3cfa37253523e645a78a0c91b57,DAI,0.000062244,0.000062253,0x0f30777a7f18e760dbb45eca7e18bd35c982e23f
gnosis,v0.5,2023-03-25T23:40:00Z,0x0576a174d229e3cfa37253523e645a78a0c91b57,0xa92d5b0019846cc8c386340d90fa2cc733cb2a14fb5b22a1a7e1395d253bb09f,0x453d373e46f30a2e29418203bb8f8918f78ed09f,0xa1e5f88f4f9022e96448c0f1dd96ccd01413195c3552e370c915b68a74dd94d8,FALSE,0x0000000000000000000000000000000000000000,0,0,0x0f30777a7f18e760dbb45eca7e18bd35c982e23f,0x0576a174d229e3cfa37253523e645a78a0c91b57,DAI,0.000074324,0.00007433418290833928,0x0f30777a7f18e760dbb45eca7e18bd35c982e23f
gnosis,v0.6,2023-06-08T10:35:00Z,0x5ff137d4b0fdcd49dca30c7cf57e578a026d2789,0x4058c38dc2bd6e611fc2a039fe8fcb23f02987eb2947aaa16c93b61781043e7c,0xbba97ec4fff328d485382dfd5a9bf9653c6018af,0xb09406e9fe689e249be8cca62545f09954af567b27e2bd19814f926ba0dea76f,TRUE,0x0000000000000000000000000000000000000000,0.000303225,0.00030336060217234494,0x7743d0ec8f1f848dc76e21a18dc5b478f7d87b6e,0x5ff137d4b0fdcd49dca30c7cf57e578a026d2789,DAI,0.000186459,0.00018654234804353097,0x7072475df8eb2f9a9c8e7640141f08632f14bc4c
gnosis,v0.6,2023-05-27T17:12:00Z,0x5ff137d4b0fdcd49dca30c7cf57e578a026d2789,0x19e33f1715919bb66c6cb358fd98534d27bb5da04b51d2916fe8b86951ae3c2b,0xabdaf756d6011742865c24cda709cf43f4f2e7c2,0xdb8cc210512c57aa2d1514ff8bbe9ee69124b5fe4b349ba3c5f052e126846955,TRUE,0x0000000000000000000000000000000000000000,0.000758358,0.0007584982997696588,0x4337003fcd2f56de3977ccb806383e9161628d0e,0x5ff137d4b0fdcd49dca30c7cf57e578a026d2789,DAI,0.000498098,0.00049819,0x4337003fcd2f56de3977ccb806383e9161628d0e
gnosis,v0.6,2023-05-07T17:21:00Z,0x5ff137d4b0fdcd49dca30c7cf57e578a026d2789,0x77c4dd56cdd6dcb2cf7a0467e1164bda946d370ddc161579bf3af8431d5505d7,0xf48bbf990d5049a2ce0375fc166f65d2582627f3,0x926f787b6a99082ee0ff336462b32d64431fe8b4c7c8a028e0dbc9c5a28c0a97,TRUE,0x3b912be0270b59143985cc5c6aab452d99e2b4bb,0.00091377,0.00091538,0x4337003fcd2f56de3977ccb806383e9161628d0e,0x5ff137d4b0fdcd49dca30c7cf57e578a026d2789,DAI,0.000100033,0.00010020925884746481,0x4337003fcd2f56de3977ccb806383e9161628d0e
optimism,v0.5,2023-03-20T17:24:00Z,0x0576a174d229e3cfa37253523e645a78a0c91b57,0x46febfaf56e70c1e39c2bf933a9bd95f8743527760f8a524dc4623df6b9c54fb,0xbaa3a5e82f2ef0e3316d330128bf336683b6a868,0x6fc1586ca1e3af23acec14e6d8a855354eda52b0ecad5e8a54f532c598547616,TRUE,0x0000000000000000000000000000000000000000,0.000000157,0.000276371,0xbdbc5fbc9ca8c3f514d073ec3de840ac84fc6d31,0x0576a174d229e3cfa37253523e645a78a0c91b57,ETH,0.000000145,0.000255743,0xbdbc5fbc9ca8c3f514d073ec3de840ac84fc6d31
optimism,v0.5,2023-03-17T12:48:00Z,0x0576a174d229e3cfa37253523e645a78a0c91b57,0x42d7cb9147b5dc4cf8548a404a3b02e1caec19ef70c2219d21f7bfd7427d6eb7,0xbaa3a5e82f2ef0e3316d330128bf336683b6a868,0x66905da96e89a36d092587d2e99dbcd57180ad902c0bd7018c49723d73039330,TRUE,0x0000000000000000000000000000000000000000,0.000000435,0.000755636,0xbdbc5fbc9ca8c3f514d073ec3de840ac84fc6d31,0x0576a174d229e3cfa37253523e645a78a0c91b57,ETH,0.00000041,0.000711615,0xbdbc5fbc9ca8c3f514d073ec3de840ac84fc6d31
optimism,v0.5,2023-03-17T17:15:00Z,0x0576a174d229e3cfa37253523e645a78a0c91b57,0x08907faf9ef6d73309f65c7e863e41f4d82c41644a3c3e672bf00f0a66f63da6,0xbaa3a5e82f2ef0e3316d330128bf336683b6a868,0x3f13f60997bc01eff1e0b42f2fe7cbd9334ba053faa96a9cd1496fd29f1be9a5,TRUE,0x0000000000000000000000000000000000000000,0.000000132,0.000228177,0xbdbc5fbc9ca8c3f514d073ec3de840ac84fc6d31,0x0576a174d229e3cfa37253523e645a78a0c91b57,ETH,0.00000012,0.000206987,0xbdbc5fbc9ca8c3f514d073ec3de840ac84fc6d31
optimism,v0.6,2023-04-28T17:35:00Z,0x5ff137d4b0fdcd49dca30c7cf57e578a026d2789,0xc504c87028c5bd638788965e1576e79a851c865708de1cb222f970ee158013a3,0xc5ae4d8eab4d3eb1e9f56abef00cc294b831c080,0x08f0b8db7bdb2092778c7a6f1887dfc51fdd333c56a0951c9526ccabe75c00d1,TRUE,0x0000000000000000000000000000000000000000,0.000368925,0.696983694,0x3cfdc212769c890907bce93d3d8c2c53de6a7a89,0x5ff137d4b0fdcd49dca30c7cf57e578a026d2789,ETH,0.000000136,0.000256006,0x3cfdc212769c890907bce93d3d8c2c53de6a7a89
optimism,v0.6,2023-05-18T14:58:00Z,0x5ff137d4b0fdcd49dca30c7cf57e578a026d2789,0x8e6a1ffc655a75bd8e726c59096c5f8a40ba7eec13be738e5ff87b77994dec3e,0x0cd06dcfb1c95705e8f3437be2d77ca0617aa366,0x8786e6d0ce20f680d90a47f04cc2fa6588d12e2e7be9cec97172e3da3488fba4,TRUE,0x0000000000000000000000000000000000000000,0.000634137,1.1516812598936041,0x3cfdc212769c890907bce93d3d8c2c53de6a7a89,0x5ff137d4b0fdcd49dca30c7cf57e578a026d2789,ETH,0.000000162,0.00029475255775691044,0x3cfdc212769c890907bce93d3d8c2c53de6a7a89
optimism,v0.6,2023-06-09T12:12:00Z,0x5ff137d4b0fdcd49dca30c7cf57e578a026d2789,0x26c4e7dfa6b6484bed4990b1264c48e475251f088193256a70a0f90f1d40a0ea,0x7a88a206ba40b37a8c07a2b5688cf8b287318b63,0xcd1d02e616d4cc7f9dfc7cc2b2d82f571c324601bdfe5c97f489442df5b0c859,TRUE,0x0000000000000000000000000000000000000000,0.000099229,0.1831291647694712,0x2c929c7e5bb90ffa05c1d156ab6864523597b1be,0x5ff137d4b0fdcd49dca30c7cf57e578a026d2789,ETH,7.08693E-12,0.000000013,0x2c929c7e5bb90ffa05c1d156ab6864523597b1be
polygon,v0.5,2023-05-22T08:38:00Z,0x0576a174d229e3cfa37253523e645a78a0c91b57,0xb44ef63fa67c22b431bf2c800a26d6d883ed28eb4bfa6dd270f89f957e41ed21,0xb32c736c542a02de9d85b8ad9109ef38d2fc5fa3,0xbb70adbd660fdf1ab28134e17b00e9402a30c4c2459280971814b3bb68e4399b,FALSE,0x1580f89f941c24b9737448e30a5bd35e41f4d186,0.037776049396163025,0.032667632012369295,0x2e4621e682272680aeab78f48fc0099ced79e7d6,0x0576a174d229e3cfa37253523e645a78a0c91b57,MATIC,0.04555172264654246,0.03939180874477317,0x2e4621e682272680aeab78f48fc0099ced79e7d6
polygon,v0.5,2023-04-19T10:17:00Z,0x0576a174d229e3cfa37253523e645a78a0c91b57,0xe00a3a018ecd291d111aed5d415ecd135507858caa27d57752b8c7db610d8df4,0xfe67e10bc81d3c1a3d5625653cddd4696f7b2817,0x3d788218486ad5a48abfe463d807861d14cf4d4899ff9fdcf94cbad4ec6831ce,TRUE,0x3e48aeef02c628693a6350bff8b6ebc106b1ada4,0.08068219190363632,0.089479616744425,0xf750f660fa94c74bab125090ba8436fbf05d4b46,0x0576a174d229e3cfa37253523e645a78a0c91b57,MATIC,0.061020344212771034,0.06767388050504317,0xf750f660fa94c74bab125090ba8436fbf05d4b46
polygon,v0.5,2023-05-05T02:08:00Z,0x0576a174d229e3cfa37253523e645a78a0c91b57,0x73178e0a4fddf11008879a9ee64af617a0d702b010c2eb62c8100981fda57b96,0x6de1bbf057846cdfc5b41aedcfb2aa84762c8a82,0xb25729d1f238239121eeecc79415598385ccca485d8284960982775363fcdffb,TRUE,0x1580f89f941c24b9737448e30a5bd35e41f4d186,0.11350999289088286,0.11169292492468562,0x2e4621e682272680aeab78f48fc0099ced79e7d6,0x0576a174d229e3cfa37253523e645a78a0c91b57,MATIC,0.22951262558468483,0.2258385874743252,0x2e4621e682272680aeab78f48fc0099ced79e7d6
polygon,v0.6,2023-05-25T02:15:00Z,0x5ff137d4b0fdcd49dca30c7cf57e578a026d2789,0xb2a18a4c05ea8156dad5f17c7edf9b5d378645a65358c8359916b5de35736a32,0x155ff8cbf517d50ba67b634684ef1188b65d7055,0x26df98cb184ff7e1a1bc7d82700e954bf496d4a5e81bdae8641674b7284f9db0,TRUE,0x000031dd6d9d3a133e663660b959162870d755d4,0.05605291482963565,0.048536667374300145,0x80213f829c8543eda6b1f0f303e94b8e504b53d8,0x5ff137d4b0fdcd49dca30c7cf57e578a026d2789,MATIC,0.06978806566749214,0.06043004436600679,0x80213f829c8543eda6b1f0f303e94b8e504b53d8
polygon,v0.6,2023-04-19T13:24:00Z,0x5ff137d4b0fdcd49dca30c7cf57e578a026d2789,0x51be1c8f96b69eabe88c1810ef57a8b13425b4b398017d798e403b94b88de3ff,0x9cc1aa3f4e0579d460be7266836d617c7858e0b8,0xc118ec132e2f62d1bee9744474cfec156e180876bbe06d7f8426ab88df3f6d6f,TRUE,0x000031dd6d9d3a133e663660b959162870d755d4,0.09390798386169427,0.10454869751306285,0x85ea2ed4e0ef2121b02a05c2da5ce5f4a7d6548d,0x5ff137d4b0fdcd49dca30c7cf57e578a026d2789,MATIC,0.10508348246455156,0.11699049186260989,0x85ea2ed4e0ef2121b02a05c2da5ce5f4a7d6548d
polygon,v0.6,2023-06-10T09:01:00Z,0x5ff137d4b0fdcd49dca30c7cf57e578a026d2789,0xb0054d8c4e802af866426facc9043cf8ed1a140eaca277ddb85d8f352b85845a,0x88547a9d8571bcfa80c8430f02e0ddc2f4ec3205,0x330e4efd04c2be6e18e76a6d1b1ab2dae62d22339700e454baab04e0b512f12a,TRUE,0x000031dd6d9d3a133e663660b959162870d755d4,0.09275144366042928,0.054921376091868285,0x6dcdd525084aef7ba3819ba819b3fbba0bf9af2e,0x5ff137d4b0fdcd49dca30c7cf57e578a026d2789,MATIC,0.10672515415558224,0.06319569915591569,0x6dcdd525084aef7ba3819ba819b3fbba0bf9af2e
base,v0.6,2023-08-01T00:00:00Z,0x5ff137d4b0fdcd49dca30c7cf57e578a026d2789,0x0029eb70d3ae7306621da4921c814c354aabf96ebd38af26f6f4bec5eb0d676b,0xae91c025bb828378c173805ff47a71d372a373af,0x60ea387bc722189eb2a52af37a7e079ddb769fe6ea9f199a46f1bb3b0833f6f3,TRUE,0x0000000000000000000000000000000000000000,0.00001091,0.019992576093093985,0x4337003fcd2f56de3977ccb806383e9161628d0e,0x5ff137d4b0fdcd49dca30c7cf57e578a026d2789,ETH,0.000104883,0.1922027238981555,0x4337003fcd2f56de3977ccb806383e9161628d0e
base,v0.6,2023-08-01T00:00:00Z,0x5ff137d4b0fdcd49dca30c7cf57e578a026d2789,0x00321fd10d37d2f63cbe43435737736e903b09ceb50574c9fc03edc26dbc7402,0x364349db9dfff290e37bf7f9d68e0f117539a595,0x83ccc8a78f9a0f9072cee50ffd8c93a2be08c9765fc3f6f92c0e20a0c489f581,TRUE,0x0000000000000000000000000000000000000000,0.00009402,0.17235961396293842,0x8f508cef7c94883655751408b9ba80c94937288b,0x5ff137d4b0fdcd49dca30c7cf57e578a026d2789,ETH,0.000081315,0.14906865889201698,0x8f508cef7c94883655751408b9ba80c94937288b
base,v0.6,2023-08-01T00:00:00Z,0x5ff137d4b0fdcd49dca30c7cf57e578a026d2789,0x004e809885e9ec1a869b5723da3b6b0ebb6b0e6f231091d8b8949992f486d35e,0xa80fb660af2b524b4a3e0c3de3978080d314ecf6,0x0c1d6cf2b88bd1da1937bb167843fd4a6e65fefde90f81f5d93b6ab450a5d091,TRUE,0x0000000000000000000000000000000000000000,0.000095679,0.1752850209874327,0x9831d6f598729bf41055a0af96396cea91eab18b,0x5ff137d4b0fdcd49dca30c7cf57e578a026d2789,ETH,0.000083398,0.15278674135057682,0x9831d6f598729bf41055a0af96396cea91eab18b
bnb,v0.6,2023-06-01T00:00:00Z,0x5ff137d4b0fdcd49dca30c7cf57e578a026d2789,0xcbf25d95333f79ffee765650997921a3c66a1915630a7296a30f33d9120de179,0x036ecdd444d39590bbeedbec3502a0465ad49fd2,0x657106ef2a801f785b53eab08de946795ccb66baee4ea80fc9db6afdd0fa4dd0,TRUE,0xe93eca6595fe94091dc1af46aac2a8b5d7990770,0.000901818,0.252112232,0xb04fb4f8be32257167ff98e6c56b71e616d353ad,0x5ff137d4b0fdcd49dca30c7cf57e578a026d2789,BNB,0.000890492,0.24894605534400002,0xb04fb4f8be32257167ff98e6c56b71e616d353ad
bnb,v0.6,2023-06-01T00:00:00Z,0x5ff137d4b0fdcd49dca30c7cf57e578a026d2789,0xe82b8a0303f630a49cd300a5d7bf9e7c4f8fd7f95b6981bff59f72528e88e9ff,0x036ecdd444d39590bbeedbec3502a0465ad49fd2,0xb5b9b58242e9e6a4aaf4f3d0ca775eb1e0ec317a927762df5fee63440de3086e,TRUE,0xe93eca6595fe94091dc1af46aac2a8b5d7990770,0.00050052,0.139925354,0x25df024637d4e56c1ae9563987bf3e92c9f534c0,0x5ff137d4b0fdcd49dca30c7cf57e578a026d2789,BNB,0.000456876,0.127724255,0x25df024637d4e56c1ae9563987bf3e92c9f534c0
bnb,v0.6,2023-06-01T00:00:00Z,0x5ff137d4b0fdcd49dca30c7cf57e578a026d2789,0xc6a7c75afbb3a0e3003a5424b5a7909dad3aa0bd293d851e96a61e8bfe6d776a,0x1923cea4df962ec1b1f3a9d5009d6de258a79184,0xdbf039ea1d787cbf8ef0332dd51797471d90d08501bb431e38e468f8bbbacf46,FALSE,0x0000000000000000000000000000000000000000,0,0,0x67b4a9832dfbec071319e492f70e582ee316afc0,0x5ff137d4b0fdcd49dca30c7cf57e578a026d2789,BNB,0.003985245,1.1261903845499999,0x67b4a9832dfbec071319e492f70e582ee316afc0
celo,v0.6,2023-12-07 19:08:56.000 UTC,0x5ff137d4b0fdcd49dca30c7cf57e578a026d2789,0x8c49e96dd5759002193f258f7aec0a9ee2614530740911f6f83962a88e693f3a,0x657796303e7653e418fa31d5996262bfbd5267a7,0x1d52df9ba43da6c860fa03d5c1505266c8a7ad02a035b6f893fbf4d0ed526bf1,true,0xe3dc822d77f8ca7ac74c30b0dffea9fcdcaaa321,0.0017276054,0.0010286646281111999,0x4337005db25dbad41da5692ba1188751ee5d98b6,0x5ff137d4b0fdcd49dca30c7cf57e578a026d2789,CELO,0.002153985,0.00128254298058,0x4337005db25dbad41da5692ba1188751ee5d98b6
celo,v0.6,2023-12-07 18:53:41.000 UTC,0x5ff137d4b0fdcd49dca30c7cf57e578a026d2789,0x4d24e4d7dcb290ec16a68e1ea1ef0d787091e508cfed29d8c4e392ae42e2be28,0x657796303e7653e418fa31d5996262bfbd5267a7,0x1023c6353bf6366bf676eac6377469011f96aaf020cc1babd1529ff99a81531c,true,0xe3dc822d77f8ca7ac74c30b0dffea9fcdcaaa321,0.0052357276,0.0031100064872172,0x4337001fff419768e088ce247456c1b892888084,0x5ff137d4b0fdcd49dca30c7cf57e578a026d2789,CELO,0.00646692,0.00384133107924,0x4337001fff419768e088ce247456c1b892888084
celo,v0.6,2023-12-07 02:19:41.000 UTC,0x5ff137d4b0fdcd49dca30c7cf57e578a026d2789,0xe7b1c2718cc7848b0bd9fab24328c938ff3a824cc6f59db5f9eeb3a426cb7678,0x33d03b146a46811361371a45d43a5e04cb2ed8dd,0x95b0e75242a11f16fb7bdbc9789fd2135689d1b02b75277de094362e3005b23b,true,0xe3dc822d77f8ca7ac74c30b0dffea9fcdcaaa321,0.0072390164,0.0041421941401456,0x4337001fff419768e088ce247456c1b892888084,0x5ff137d4b0fdcd49dca30c7cf57e578a026d2789,CELO,0.008931135,0.0051104311715400004,0x4337001fff419768e088ce247456c1b892888084
