blockchain,project,version,block_number,block_time,tx_hash,evt_index,token_address,recipient,amount
ethereum,aave,1,17314392,2023-05-22 10:58:23.000 UTC,0x521ef02f8dd7f99c29a9fd1fd7135347768a24c91ea23cac3b0116e56c2884bb,203,0xc02aaa39b223fe8d0a0e5c4f27ead9083c756cc2,0xf034125b850eda2118b99b837673c62489fdbd08,6.1073E17
ethereum,aave,1,17278054,2023-05-17 08:03:35.000 UTC,0x66ccf50e5b9f3d42651e9a5ff9a74c4e6e3c3a0e5e58a640e18634d84b405bc7,263,0xc02aaa39b223fe8d0a0e5c4f27ead9083c756cc2,0xfe13aa4c7cf65d3d7ce18d824a5096cb1c54fb22,1.0E19
ethereum,aave,1,16992742,2023-04-06 23:17:23.000 UTC,0x6899cb5c7755980ba9e3dab03b1080be6afeef61b9bd08399816c726ebce6790,196,0xc02aaa39b223fe8d0a0e5c4f27ead9083c756cc2,0xcb3997ba58d594ae9b75be135df8fc6d42ff260c,4.5575143865091666E18
ethereum,aave,2,18640506,2023-11-24 08:54:59.000 UTC,0x2d4664973c53d66dcf98362eea55cb45171792f702967ed0779f0e7d011ddba1,269,0xc02aaa39b223fe8d0a0e5c4f27ead9083c756cc2,0x968c9090a217786f414025cef11540f801f38ee1,1.7497206003182533E19
ethereum,aave,2,18640468,2023-11-24 08:47:23.000 UTC,0x794b6ac0b0984262d040aa0bea1db12695ab488c7e10877be533b572e9648ab0,348,0xc02aaa39b223fe8d0a0e5c4f27ead9083c756cc2,0x968c9090a217786f414025cef11540f801f38ee1,1.7497205998027182E19
ethereum,aave,2,18640377,2023-11-24 08:29:11.000 UTC,0x1a4985c79533aac3671f123b7f9de2ff35783378c2b02598275ad7e4fe662d94,302,0xc02aaa39b223fe8d0a0e5c4f27ead9083c756cc2,0x968c9090a217786f414025cef11540f801f38ee1,3.4994411985721803E19
ethereum,aave,3,18642245,2023-11-24 14:45:35.000 UTC,0x70a850b6bec497609a8ae3d919f429a2797dcf72d0663344764bd90488900953,282,0x6b175474e89094c44da98b954eedeac495271d0f,0xb748952c7bc638f31775245964707bcc5ddfabfc,1.0459326147500807E23
ethereum,aave,3,18641759,2023-11-24 13:06:59.000 UTC,0x0c65c4fa377623a0b1bc0feafdb50e94e787507537ba8c5774bbe1874dd4192e,117,0xc02aaa39b223fe8d0a0e5c4f27ead9083c756cc2,0x02e7b8511831b1b02d9018215a0f8f500ea5c6b3,2.9664344638653563E18
ethereum,aave,3,18641688,2023-11-24 12:52:47.000 UTC,0xe6931e6e19e8e23e9edaec041ae55f7d88d5080620e1cae9e4fcd022fb8537de,137,0xdac17f958d2ee523a2206206994597c13d831ec7,0x8761e0370f94f68db8eaa731f4fc581f6ad0bd68,8094753690
