label,min_expires
0x55155999980e793a24a7d6060a54cdc308959fe9252d1d928c1818f2767e4b26,2020-03-03 22:39:46
0x56fffe58180f52df099573cdd2e23b24e7365c0d1e579189fb49092f65cdc67d,2020-03-03 22:39:46
0x480af134597b00aa9f22597c11be0fd4c6bcb8c050dcbd0e5540ece4a0fcb880,2020-03-03 22:39:46
0x78b9198c2298bca6916a2669592af279cda8160226cf57bc4580c40c0a8b1713,2020-03-03 22:39:46
0x7a0f912b8c87761af764aaf2a8d6c07caab7cd1eecc30f1b61d9c43b7381fcdb,2020-03-03 22:39:46
0xf33c9f3b2965ae164c38ad2d2864b537d76a46d77bce3110f02005fbf5ee006c,2020-03-03 22:39:46
0x6817c00f03de8b5bd58d2016b59d251c13056b989171c5852949903bc043bc27,2020-03-03 22:39:46
0xafda1287844305d0fc48d0eb2658f064377e5ece3a93742780798a8a616a143f,2020-03-03 22:39:46
0xa2556f45633cc96b6686af6919aa411ca63d155ebbf2d4b16faac9298f7a3bf9,2020-03-03 22:39:46
0x286bb57548897cbfdce7ca9d699fc23321e3b42ec4d27a8c38e599687937e9d9,2020-03-03 22:39:46
0x97b09806564272672874ee395276f6a68548a95c98d42142c6b3d20be2892ba8,2020-03-03 22:39:46
0x35b5b8bece53958bb309db665734c38515f37439f69bfdbc64808f1af9a97c31,2020-03-03 22:39:46
0xb00354de6f9d23a60e9f1bcaef609cce5a6885c5365aa409f9212f62bf950e4a,2020-03-03 22:39:46
0xd9306fd2556b787c5069440ae4e965ebcb9f601b51613f8d40c4b863403c7d65,2020-03-03 22:39:46
0x0649d38da6f5787457713c5795c1c027fe6111e5cf01a67e38913394e5043126,2020-03-03 22:39:46
0xda03fe4a2dec50b55b58b6b47282be5bf9aa5ef5204fa5397ed575bfbaa37358,2020-03-03 22:39:46
0xe822fba1db88ca51f59316a5ed69720791d990ea907b60239740ffe35674e0b7,2020-03-03 22:39:46
0xf172873c63909462ac4de545471fd3ad3e9eeadeec4608b92d16ce6b500704cc,2020-03-03 22:39:46
0x26144b59fd869c4a167a1df9f759dd2b954ca93932f91bd765fda7fdb0824c14,2020-03-03 22:39:46
0x42fee1f77cf5441ca8076e7c84f5278963b8d767429bd57e10c5991853763d06,2020-03-03 22:39:46
0x19bc401db04134ebe245a4800aa92161348e98e1b86c29e17f07abf904c16eb8,2020-03-03 22:39:46
0xa26bb7271541531f02d5b641715b37343908566f9930cf3c3fedd3db86991a29,2020-03-03 22:39:46
0xbc7b9b0fd0ee4c35d3a10cc9ff3f1dae4386791d914aebb35d2f4b8b5aa323f3,2020-03-03 22:39:46
0x15bfa48468b499f33cc5d41f8d88b42bc899939c155870bd2f52acc9921dd573,2020-03-03 22:39:46
0x5ac48d4f913307259f4da2cfd39f67fb7d93462c05e020a9b3faf730e8faec05,2020-03-03 22:39:46
0xa71879ef0e38b15fe7080196c0102f859e0ca8e7b8c0703ec8df03c66befd069,2020-03-03 22:39:46
0x5a25c748eabfc2560925926a41b2c4760bf15a58976a391da0279706b03245f6,2020-03-03 22:39:46
0x726c0062bdcce9222bc4bbdc6145e6ca6cc8298b2241a932f752003f85a7a4e7,2020-03-03 22:39:46
0x350c318fd003c50af49d0df13250d55d514024649c23da3f0c5299180555d9ab,2020-03-03 22:39:46
0x9dd2c369a187b4e6b9c402f030e50743e619301ea62aa4c0737d4ef7e10a3d49,2020-03-03 22:39:46
0xf5ab02bb64788c628fca0c246e7b88c98045dba5a6613313b0ada94eca48a73e,2020-03-03 22:39:46
0xb40c772e81d6bd6be343e15a1ede6fa38a54cbc83a1ee3eaac12661e1c4a1da6,2020-03-03 22:39:46
0x8abf01ef110b3490f746c2ecdf0b49419adca9e44a2fa0491683162abc05cfe5,2020-03-03 22:39:46
0x454fa644e2b6e9de5b565b64077d897fa8a3a018d29c933eb1466b2dca1e1caf,2020-03-03 22:39:46
0xdf87a5cfdbd9dc8f776eb7324f5e9efd213892d5c7a0b94b7b067f8486e07d6d,2020-03-03 22:39:46
0x6fa106ea7cba6ab8bd17507d2bc9127cb9ba5f6d9cf7c5de2d76104a3017dc10,2020-03-03 22:39:46
0x43f45c916e680a40b61ae0d432cfa4c63842b56bb9582eeabf7aa8f24f50d8fd,2020-03-03 22:39:46
0x791758201404928ce415775f76e3c06f6c1529f79b086f670342c71fd0263975,2020-03-03 22:39:46
0x242d85ab85cb0380acd440b7ce698605545043db9258485c6563b52491b3c056,2020-03-03 22:39:46
0x3ccfb6450e5a7d7d81b9b080bad84a1cfb23e424477f292a977447302be62802,2020-03-03 22:39:46
0x07e9d25d0756c9327cc0f10c9f31c22c841be276af46c23ab92a24dd46123e85,2020-03-03 22:39:46
0xf7ff3bdb027b4e0f893411a342fdee2170a4fee44cfa4a8db732ee45c7f9a38e,2020-04-19 15:41:53
0x3a1bdc191df8c4b6c95d2642d6a5992bdf9daae683eb3162d59581fe6bb82092,2020-05-03 05:53:15
0x582a914f1ac3fb225a89f558f73f5a4e95366012ca13e95d9ff3fc976b7a47e8,2020-05-03 06:05:05
0xba2b7433a8863809fb57813e691abcf4d5f52bf0f5e43e50299d1420b3d8118e,2020-05-03 06:24:48
0x5dec6057079f6c4c5fc35740e74bc2104d0bd314978b62d2d2e65a2637d6b60d,2020-05-03 06:31:49
0xf8d65306380a09ea8a3d6be1cdf0a05905bc18d510c0b2e51ab5af87ae21410e,2020-05-03 06:34:03
0x259c1d089939ff6aa0bbfb5a927964c56062bff765411827590eaf891d98df6f,2020-05-03 06:46:24
0x4ac096fdad7aa399610c396f4c3e66be4bef13bb4b9cd18065308f3ab81c242e,2020-05-03 06:48:06
0x4b03f2edbf82cae0c8954df1bd0fb1fafad0964219a135a10e20c399fa082c4f,2020-05-03 06:49:56
0xcea4e23db3e4b5f570dc90346601e5190f8fda159f649c68b6fc22b2924a94ee,2020-05-03 06:49:56
0x7aa0fcb0ddeefb9d1990ee88ed87ed63faa131df63405b42237c01279b8679bb,2020-05-03 06:55:44
0x4b43b5f2eecbb79b81e8adddec932938061130dd1c5914a9c204ba6600935730,2020-05-03 06:58:16
0xb076f6f095c5ef3f7d5b5dfca2634beb0013a1e4d7c1f62366b7c08f7d19453c,2020-05-03 07:00:55
0xa08bf423f1ca8f7adac0cdb814e4060b44e0a00f76e233ebe3c84fe87b78c42c,2020-05-03 07:05:09
0x005aa63f2e1e04f2be5d451577bbdfb71e1d79b2825424a890e246dfe12ce683,2020-05-03 07:06:24
0x67050125e5b1290d1f5396b4764d808c2e2542b84c569187075186fd39a132f1,2020-05-03 07:11:53
0x262c351cdf9c0ddf077c1e5fc48cffd569d9da7485563ccab8a90b4ac6d2ef7a,2020-05-03 07:16:02
0x315acaafde8f4391bd21398dbaf087d265e9fc99744c150c878277025750c79b,2020-05-03 07:16:02
0x5b81e38b310ca8d52faa3daf50cebb804b7635c28f6ffe6af877159af59d89ec,2020-05-03 07:16:24
0x816f9a6bd71206e96c0554d1febdbcb3d0db6ead2915cce18446cf90f6fca830,2020-05-03 07:21:05
0x68b70168f42e61cf21a2a38e1045337d771aa4f5a775d9f9143e80a9ef109e05,2020-05-03 07:23:03
0x9b2e8480007cec0244dac0ddeb39791e091b5222d2dab6c28163caaabf0d962f,2020-05-03 07:25:38
0x02096f405fec99d5451ca205e20fbc12022e11f25562fe5c05041bea8c237fe6,2020-05-03 07:33:51
0xdd980ba64f3894a968ae074eb48c5e90548d862d88ad4b9ff77417c6f4e0d0f2,2020-05-03 07:35:16
0x75e6e1200dacf6014777b7da53759de3307db0961a14379910ebba39ae1f9327,2020-05-03 07:41:36
0x9674ffcd3dbaa5bed0f0e99220916bffa98863c0464431dddaa1d3cf93a5e766,2020-05-03 07:48:04
0x0f317d0a1638121fc6006421cfdfde0fb665d127823ffd5755953424c61ba803,2020-05-03 07:50:12
0x3ca0facf1d8132511265714ecb73dc40c618942724000afc12a6dee84beaaaf8,2020-05-03 07:55:27
0x2a29c1bec23e1f063b91eb82e4a1671294f86f8f1317d826c4d70c2f455400f4,2020-05-03 08:05:19
0xae624a9efa2be3e1154d25f4ccecddf8cf6c6220579502e1cc10f5b31d7c5422,2020-05-03 08:06:21
0x6444277b9ab666f7757efa7bac3e10231092c4fed96d978417f21b81ad44fc7c,2020-05-03 08:14:59
0xbd4bfff9ebe07153dad486cc6c2e6f29a6597e85d9c1da2dafe74fbd920ae577,2020-05-03 08:14:59
0xc74335ace067ad590ff36438bcf4208846e6ffe9590d41ff6f58f56b0245bae3,2020-05-03 08:15:35
0x1ee59e81618f994d2148d25073c6bb028ebd5467259a6ecebb240e15ac8254fc,2020-05-03 08:17:39
0x2d7161787cdd0ea3978347a699fbf7667cb6fe25d43f226e323841e7c441618e,2020-05-03 08:19:40
0xb3f484941f1315c89944b2dc1aacc6ba4c3c340e89eeb50d0afa2d8808960ff9,2020-05-03 08:25:11
0xfe6e15ab0c001e413f09e656727541efec83543fcd393c52de48a0a937bfe5b3,2020-05-03 08:32:17
0x8b102a950f76cd09e66be3a1433ee80289585166c67283bdc75183c68cabdc53,2020-05-03 08:32:36
0x2254c1b70f28e27aa557f4020e46b9234f691e521bf1275e6e2bef8dcadb673c,2020-05-03 08:50:00
0xc33d27888ec60870d4863b468f59d5f566f28393a149f38ab75d0f7bef60002d,2020-05-03 08:51:09
0xb1255667ea2acfec6d251ae652a6978e869d7e7359919ac711f21e0376d94384,2020-05-03 08:54:29
0xb83f3827e04a8ce00fb24ca0222a9c5d52defd7e772b691118f22815b5deba0c,2020-05-03 09:04:56
0x696924750a8d7a408b813f5d0840024ee4a79c48e39237a818e293fa9b6d24b9,2020-05-03 09:07:17
0xce33fc748440d4a3c3e52dd2c0d3cfb21d03505ae207d48037725665b29da2fd,2020-05-03 09:10:54
0x22a6fa857fa15272551e698efed282ba5d8725d954021aa8c30c573d1fe4c6be,2020-05-03 09:12:45
0x95cc3402c125769eaf5aa6ecf23039f41dec2798570655ca048b179613b3fd54,2020-05-03 09:18:00
0x9c9d2ec67e4422a5e23d6d5a679d2f4ef95d6a53a630a0948de819689a470250,2020-05-03 10:52:39
0x7bb306d5a0baff9fd9c1f8240439fa3d2b92d07357c59490f90259e671bc2136,2020-05-03 10:56:10
0x67e4ced1bcbb75b58dc4b89a9bb6c52b581a3086ddf3c47c145afe8f529c382b,2020-05-03 10:59:16
0x92c5134bcb4cb180cb25a6f349516b34ea95c67a94f8ee3e9611744a87047b6a,2020-05-03 11:05:30
0x38d356ef8fa6932d5b7391e25466264e8b78934cff984490a43f62c21ec6451f,2020-05-03 11:08:37
0xa5d8c7e888ddc3a68a964ab6e10e8e3a2d7442b218cd368600e3a50054ccc197,2020-05-03 11:10:54
0x365393d11e0123c7ec0006e611ffd4e8b2211cd02cbb5f156db908ac5f8aa5c8,2020-05-03 11:14:04
0xf81d18a5ae4e1e93ffa19e8bf297e87ed4043f0e500a315ab548914af1518776,2020-05-03 11:16:06
0xb2774154949bad92cddc24c6c9c3f887e93da45d977ced98dea2080090ec7fbe,2020-05-03 11:18:55
0x821b3213ed24ec0a39d61d3a75d3dcf96db982a04c5a02e754abde29efc0b97e,2020-05-03 11:20:13
0xa58bcdb1a95ea3933e6934c8f37c3a890ec60d1139ebb01a7c7738bfa04ae4fa,2020-05-03 11:21:40
0x12793c852f9a9fe0fe60eb41f92ea65ffbddfde5b6cbb2a12bdbbb6dd491d2bc,2020-05-03 11:26:26
0x3634518378107e54b1a92d28d01a881992e31a94189ab0b9b2d688b80f96b2af,2020-05-03 11:27:33
0xb213768dd083c30dc534608942ca3aeec02fd42f4ed18d8e05b57bb6d09bbbc3,2020-05-03 11:30:41
0x681cf1249ce1aabe369e4c422e0a5703d0f625337ee660022062f8b2698abb39,2020-05-03 11:33:52
0xf2fd1ad1f2d36df8dc0a89ae4f3b01277ace72a72957f679040e005109db5f22,2020-05-03 11:34:15
0xa36d300b8b2f503a122915270d52913416054f4abf636dd6b8011d7377bb529f,2020-05-03 11:36:24
0x2419f0c360f44cec4565954da76634e9d0bde8b9549bd87d38c8ab979e2c8d5d,2020-05-03 11:37:55
0xf4d701213382b4c5495cb8fdebd4c086178f989a9854aa4b42b351ec0db42af0,2020-05-03 11:42:42
0xfa16e063e42a40d5ff587335c78817e61566f2d92e7a0f2aad9a1e1075ea8eca,2020-05-03 11:45:07
0x6f58bcf5b37f06194b2e06863bb90068c8d6f177c4e9c9aa034e9ad67a822fda,2020-05-03 11:45:07
0x469a5d4ada6f3ddb20e734c52f862421714c801ff59ae2486e90274e2973a61b,2020-05-03 11:52:12
0x27e7d8b39f3d0a4f0b34f2a24d70729de549aa0fb1d03e9dc509f5c7b4ac58e4,2020-05-03 11:53:04
0xc3bdab096c4d47b47fd4247313b49c94313da7f96c8273f243457ed007e9113f,2020-05-03 11:55:15
0xc22c3074af67b10b10ed6ac463a46cf92bc0985f59f6657c88f6a8ed9d60b61e,2020-05-03 11:58:54
0x927bd38071499f1683430db4c9d1058ae242f417f5e6de08c24f26aa6710c3a6,2020-05-03 12:02:20
0x73f84f5fbd8c28c0f335a52cd098dcd107abf213f2c139acbc5741c760c0ea14,2020-05-03 12:03:15
0x6c69c3789921be5631feab31d3a9b62a132185543cd1b1f9c899375ed624f72b,2020-05-03 12:04:48
0x312fd9256ac88f7fc14ba14507a397b1bf1ee74172b56d0ef6f80a81e5018d4e,2020-05-03 12:14:28
0x36a37150deb8a6d60765850c1d784f655a53f1c4a525ab26a3fb8c2fc6fb9a5d,2020-05-03 12:18:08
0xda84f290dde3312b47e9408a0d25856d518fe8b26e6180be5f00b17cbbf9a2ac,2020-05-03 12:21:27
0xa12e9db523e5f936fbdfe6d3d4d47d8b3426d1df768b37d93e816b1171510d67,2020-05-03 12:22:51
0x44fe7dad4b42de9e65ff51b98372e1678bdb29d42a97b39b65c3f53c8b7e8169,2020-05-03 12:27:03
0xbd27dd8222560377056c32d6ee0728208cd35d6ab6d0ad55b7a7a4a2a4ae104e,2020-05-03 12:28:51
0x7f7ed6ad23022afde672006ac0f8c5730d7387ad33b28b3b17a3f886f050f12c,2020-05-03 12:29:02
0x69421d8b044c512f801b11c02df739276385c285c3bd319e94695eaeb8d8306c,2020-05-03 12:32:58
0x709bbd3a07885487b0a8d1fd093e9dac89f94283673c149a7aaf67e12fe7f3e7,2020-05-03 12:33:02
0x2094ee40b1fdcff68e9fc013b18c6116357bef12363337410be454ef2eda4e1f,2020-05-03 12:34:04
0x1cb3cf6c09dde3c14baaf915f91081d3c047d78dd281a1986426fbc4d76277a9,2020-05-03 12:35:04
0x9eb6e229cc377a39e1fb5c942e7f85b90d91f8d51ece70fd3c2cc3ec382de547,2020-05-03 12:35:59
0x4fcba77d2128075ff115605f264eba108124006da14d405d280244fa0f5411b0,2020-05-03 12:40:29
0xdc70c4a07b428b2b79529df3cae903c08c8f9e066bbd978e8d22d644b3eb3d3b,2020-05-03 12:41:45
0xaf592b696bf7ddb6ad035b9e2970f5d2eff65953afe37c53178caa207ac3550f,2020-05-03 12:45:37
0x70450bef2de716cae42c071b7216394bbb7d03c14c94a39162d542f22c9d1197,2020-05-03 12:46:48
0x4184fc4bfbc3805b2760e17889fe3e5146bfddb1ca6112e902dc9b64800d3f63,2020-05-03 12:48:00
0x84742e1514e991a6ac3e4f4a81bc43e2840d05b20ef1a0b34aadfce08413cbe7,2020-05-03 12:58:27
0xc4809e080d657b252c4b071d357d6b63658c49875c981b86713193d759914cdd,2020-05-03 12:58:30
0x7e448c11670aa931f2503e06ea3e7dc5d30d66c4cd9df170c513ef0ad530e1de,2020-05-03 13:01:58
0xebc56122b6aa58376495d6beddf2acc54bbce6596cc28faf1e3a94175092d64a,2020-05-03 13:04:50
0x1f5ad09676681dcb2746d6933ba95043f723d6f298414226cd7f439dda490efb,2020-05-03 13:09:57
0x4f589d32e7b108fa520ab441fc33a8b42e70a094ce0e293d33a8bd8146dd6eeb,2020-05-03 13:11:01
0xf9febfefaa6cce906c11041e371490773cabfde31e6663717a79d03eb014f94b,2020-05-03 13:12:24
0xb76bb8e8fdfbb6ac80af031ae01dd7091aa8b422a480b862de2b7327b3760de1,2020-05-03 13:13:41
0x0d9d9864b5cff16702b450cbe2f7c4e9b046ff199a40eebb3c07af8909f1320e,2020-05-03 13:16:25
0xed87bd99e0bfe5d2ffe2b947e85aa1832d9ec12e2358863120ebca51dca721c7,2020-05-03 13:16:59
0x44bba8721ac97ceb572f374cd3583d155ef637042564be32e99410c09c514564,2020-05-03 13:18:32
0x93226003ba9270e0e67774239987fcfa48691fe5140fef5c2efbe9b387456535,2020-05-03 13:22:30
0x684996b326d7928e08ab63c9817a2ea352eb6ca06c2a90759d0bd629822c38b9,2020-05-03 13:23:12
0x6acac97841be50818a88a2774492ba1e251d3673e195260046cada56b83b4bac,2020-05-03 13:32:30
0xc534eff4b3bf259cdb293773487ea18555dc996e97b813d6ff86a2ebbdd80833,2020-05-03 13:33:53
0xe403bebca855f657da364dd4ffc913d08eb73ddfd479f32bc9ad0d95f23e088a,2020-05-03 13:34:11
0xfa1a41a0f00775e96cc58f769bca2e198343d41fca9e0f1239b3d9229e6467e1,2020-05-03 13:35:15
0x2170fe10385c567ee03d57a1301cacde135c8f84d16a4150ceda27efc71c1dca,2020-05-03 13:46:43
0x193939899fdc3a63df57d1c8b7b792a835527d2f0876be4fe8e474dd7648e93c,2020-05-03 13:46:43
0x51f8c468daf3b59f6e71212de8f2c4906795b420485e74b0d31629c8d1cfcd5a,2020-05-03 13:47:03
0x5bc78ca43bdca3223c865a61a89c5d98a79af292a2fc6b7001bbe24674323dc5,2020-05-03 13:47:40
0x56ae627fb7ed67cb603ac48c17e5c8a283c74dbf6e4e0eef7b5445e23b552b59,2020-05-03 13:47:48
0x6b23837ee8553a647b3f28058a3e0d13609945db8503c8d67ab95b3c4dff2566,2020-05-03 13:48:35
0x565a3f1685274b7b562dc3c18f4c6369ce9ccc5a098455f85feccc0add189add,2020-05-03 13:51:25
0x1fecbd2f4fb582e08b65f507f98d32f521ea710d31299d82de34bc4eb52f7923,2020-05-03 13:53:27
0x4aaa5fedb388c911304567e5da91e173f1606d2df225a66bdb8fd8c2a1424e8d,2020-05-03 13:55:40
0x72e192061c8cc1e0661866dadf1b71282e38a4fae897b8913b3c1a9e9ae03aa5,2020-05-03 13:57:31
0x7e773bae303fe33171f57e49f30fdcac8fd7c09e9fef7b25fccb098226ae9a0b,2020-05-03 13:57:37
0x0789b2287a0b2ce0bb631759e373ebc2a3337da796e682323ddd391d38ffef8c,2020-05-03 14:05:27
0xbc811810b3187c1f054a8f2910171472cf28bf41a8db627e8bc4153af7e7b499,2020-05-03 14:07:27
0x9372db1a0223da4c707f2931fd249860047ddaf49a2b04de70c92f94782c6e9d,2020-05-03 14:09:50
0x5592fc3681e46c6729dc1abf720e29ad1b92beb9452567837881c32198286199,2020-05-03 14:14:32
0x3b0dd71a03cf4ca76bee9ff817033bcf4aa8d32d1fb7308abcb4b7541540df43,2020-05-03 14:20:14
0x7303e314736350e4dfe758edead3b97e83fddfaddac278231bd831a821dbba26,2020-05-03 14:36:29
0x8161cc5a3bb3bb623a87dd7ac8120ee2613696ba2f3c3f2c96bbb7083c40cdfe,2020-05-03 14:51:38
0xa6dca1d35497876177cc7a06642a867a39901b1cf713470f01c2a8ab0c949e2e,2020-05-03 14:56:34
0x4c7699fb88800af4dec3fd42c0af1387d497c4d50c5b29a35e1758a298bf3ccd,2020-05-03 15:01:49
0x1a7f5c9a4107294ed4abd82b189a24cb855e8072b5f494d99c8c2e8315bb180f,2020-05-03 15:34:21
0x6d38b9dc2dbd16a1a96c2db8e9cef744890741a1511b1e418e5d860525f93e20,2020-05-03 15:38:27
0x0aa66ded7e3ef06abc2655ff9225ba4788d420697615f206d4022e265376295b,2020-05-03 15:38:36
0xb2c6654cedc7c9c6fbb96de12d18d3666d14412df12a0341619100e82c0737c0,2020-05-03 16:15:56
0x42aebb254df15c66fd8698a349d10dcd41309b56d436cd1d35e90e04a1fd1bdd,2020-05-03 16:41:34
0x7cc8ebfd07995e1322af6984cf28611f085b060588f6148c711211c2ae1115c7,2020-05-03 16:52:51
0x2abacbfddbc20c02f0e08a4f48f3ba9dc2316a4a6811a2ca9e3575cbdad2b132,2020-05-03 17:03:41
0x8716ef89c00ac24cc443c24ef02839c308c411a9a533d778e0c376f33d8369b3,2020-05-03 17:07:36
0xabf9b185d4f13ce0d3750dd706ad797946359e9be68381c0293642d942f5d707,2020-05-03 17:10:09
0xc00e1150de0ae5e767117bbc3044bbcf0ecbef791ea2aeec5152b7f0b4aac606,2020-05-03 17:15:02
0x99dc061334696b89d2b4908f4221e41771e3c204b5f2c9a510ea40f49eb82fc5,2020-05-03 17:15:02
0x32dceda967d6a777898ccb6f754bc1a3fd8e93b1e6916733ffe0d643e05a1850,2020-05-03 17:17:25
0xc0c873f6ad7e2f0877651ad3b412c3856c3b3d002aa857dbbc6afd6386ebd7a9,2020-05-03 17:21:22
0x30831463363f3c5370c88505b15ae003b87fa8286caaf088bb72fa6d36927b31,2020-05-03 17:26:55
0xceca63dc9c54eed2e772094d8e2d1cbcbffa271b50aa475c8eb1fad2751952bf,2020-05-03 17:33:58
0x527d83033855399cbeeff7877cc7ec5b4dffd8d51196dc01448f62c243d5b152,2020-05-03 17:37:14
0xdfecce596d02a3b1ecbb22da9040a0057f83be85852a9d6afea69f217e961e59,2020-05-03 17:37:45
0x57a111c130353820e927b3e305617feaa61b91602a198063f9c9c97a7de1fcb6,2020-05-03 17:41:53
0x9653085247c2852b369bdf04f83e2fa8d2b95d152ac3ec9d0cd694e12884510e,2020-05-03 18:00:06
0x0076ce9a25932391cfa41fed93e7940d49b6446d325db4bad1adb899396d024a,2020-05-03 18:03:32
0xf241b89f28698790186b3c7b0e8d1ad42db4218414ce8b740570014102116257,2020-05-03 18:53:18
0xbe6cc71233b51643ae15091e9a7a409559dfd02c884543eeaa61ca94ce1fd31b,2020-05-03 19:01:45
0x20b6a8ced461b9746ee5a040798676b4b2081ec5c5e79b3f86a8b7f79ccd4d6c,2020-05-03 19:13:02
0x4fd8f755b627e9997bd86a6e17da758c546caae186e9e4e82859ef5fb643c106,2020-05-03 19:30:25
0xe8d7117f889ca0a180a43fdeca45c1bb39e602559b9ae8d5a3c46d3161bf4c99,2020-05-03 19:44:40
0xba7b9165ad066648187866fea89c8fad6c11d0b86b62c2fd29373141f6e6a853,2020-05-03 19:44:55
0x24bc83c272569da483688b54956c001f2a6691b7671aa0308f6a4e4d7bf0f324,2020-05-03 20:07:23
0x266303d790e6d758ecd2e6fd520867c9b01140552d38c9f58d12760e0b91275a,2020-05-03 20:31:53
0xfa5f4550c63c22b3e41006b4648c30b89518b42106b1d7051507bf674e4e15fd,2020-05-03 20:38:43
0x2e9b4c0faa7df34c203c9b2f266bc036f7ea2dab5d247c3a5503b149c9e1cb55,2020-05-03 20:43:14
0xab8114c6619459c27db4bf5b26528da1dc60e988076c5c527dea3147d946e660,2020-05-03 21:05:58
0xafd6cc09a7572460ab70cc560216360efb07a5193a8b1c4be2e9d1df3b743ab2,2020-05-03 21:15:32
0xc191f2fadede5bc718bf475460ec3dce1d7e7122db70b874d970546a7afa23ea,2020-05-03 21:15:32
0xebe985fe6a7af2e3cf6b2d5e3a30062c0c178d5625fab883ec00a288e20284c0,2020-05-03 21:22:03
0x1dffb2893740f2d5c58f5ce2544fbd1d4a089e8bacf0bfb2a199dbbee67ac1bc,2020-05-03 21:29:59
0x73e6ad8aeede72691f18c74672dc04fe077fb76ed32b884844f259f39a4b5039,2020-05-03 21:33:41
0xb1d0e91f50380d42f65e4f3dec655a28f1e1f999db1ce4cc52accf140ad67838,2020-05-03 21:34:21
0xcc15904ef4d9d9b60eb7848d5ffc23ead9861d0446ab614acd23fec784b62a46,2020-05-03 21:38:56
0x91e97e3c99fe26f25a21085c5093460219ff1d62366f7ff63590438587f4e51e,2020-05-03 21:40:12
0xc58c0d3e2d36ca855f205d6e653790fd1aa971b0b1b8bf2db283f42a7242364e,2020-05-03 21:44:07
0x20f5b7612ea5ea8ea0834ef66c69f257f14b7055309b73856cea2cc108108048,2020-05-03 21:46:37
0x4d6fc891cddf1d97435c7a7d32940d84f8dcf746d0b35257a5bed5e1896c1049,2020-05-03 21:51:06
0x46eee9df86d43ae79b7e88706e7ab446b11b9f24542d425ac783ac9027340e30,2020-05-03 21:53:34
0xdbc4783c2da920a9c2a545b0d1ee76336067136bfb1fa1efe1625e046422b1b1,2020-05-03 21:55:20
0x62be98060ffd3abc56dcd7ff4bcdf1bfac577595d0deacfa3a5eaf28984d3648,2020-05-03 22:05:53
0x86f562c7f490e4577d9b526133663bb82f1278ebad064feffe425a0704fea8e3,2020-05-03 22:10:22
0xc2d705726a9a2917e6bbdb23c334630ce44eadb59ef17c1c83f38b75f66a40c9,2020-05-03 22:10:22
0xf3db7c7cb3a980503c89922f0e6febd82b382d65cb39dac473401efc940f52a4,2020-05-03 22:13:14
0x77905d9165c1be402a1a849656a717a6a5ab4b669a648e742c84e5d6db79c449,2020-05-03 22:31:15
0xf362f33142f9211367049a2043cfc1fb74e8114bb2863cebd995d11acc108e93,2020-05-03 23:32:27
0x733fce9fbf21675a5f50a0553f2ee34e7dd2d701645497d4440ee421c8394301,2020-05-03 23:51:48
0x79690434690d54efede2450b5324e67a72ca03ba781c7fb56ea3759955b74c67,2020-05-03 23:51:48
0xcf7354dd53ae86b40d7898edc3000351c0ce63234089875208c638d8b2f5b538,2020-05-03 23:52:40
0x375f520fd88e9725f739edfa31d94fbc984f60282c4c44cb5d4ee3cee67dd748,2020-05-03 23:54:13
0x9a47b61e6a77b3779866668cd59bd16871fc2bed439ec38bb8e2a6c8d1ceac8e,2020-05-03 23:54:42
0x603ce63149f90d412350bc7f3a0aa7ec8edd5e57aedaf5eb893487bb40e7e9a4,2020-05-03 23:55:52
0xa287f957dbc558ee116ec5342410da4cea21d00a3776ba1946b2254e1fb11122,2020-05-03 23:59:27
0x9bc6f50c5861e5bf6158238189fab20d0002139042ce3b995217d9548a29408a,2020-05-04 00:00:00
0xc57049cdea089a3a64a93347856c3b5b8e143d3caad6c1ade3205ecdc6306c02,2020-05-04 00:00:00
0x27d3397a2f9b6e49e1efa1e07d73de5197aeab4eca0044701d4254f488192a62,2020-05-04 00:00:00
0x195021fc757d0847336ff99a52f760ab8b6b43d56bdbf003a3bc836f5740e7ad,2020-05-04 00:00:00
0xe318eb2ad025758885b6b524db5fe741f717f6fc8dbce15c8bb997989ff0002b,2020-05-04 00:00:00
0x720f6d249f3056c37d4127374428a05d47ab610e248e735cb3e33ea593550e9d,2020-05-04 00:00:00
0x4d709b7c38a38f7ab7429f2da380d20cb382ab4c98333b0a5a7edf01b7dd223d,2020-05-04 00:00:00
0x697f55dc8e084edf2be4ac181530ed1d80bff5144cb060255612be19f95fe7f9,2020-05-04 00:00:00
0x2d8eff9a37dfae004b96398910ca44ae8bfeef4c36bb0553ee278f4230dd6a20,2020-05-04 00:00:00
0x9384407f3ff5d73a23c58436fde13f773a568c56dfec697134bc2ce36729238e,2020-05-04 00:00:00
0x66ac222b33ab70e080777383e60a07f625aedc512c962de42978e86aac8fb1a8,2020-05-04 00:00:00
0x1b8d8d688065f9628c28efaeb428ffb6fe5ef1a8b4af5e4bc97c040187498c8d,2020-05-04 00:00:00
0xd895d4b16c22e00b6139a73fa85d2b4adda8adb905464449db760b57daaf9771,2020-05-04 00:00:00
0xaeaf7faf86dcdb5b54caf69590979a4470ca766e23e9118a3d3230de2943fd9a,2020-05-04 00:00:00
0x65b7a7d266b1b64454188a6812fc538bb0cc0ddf7322b5c8065794a5085f896a,2020-05-04 00:00:00
0x149a19e76bc6e5bbe18ddf081cd24e46040776e2c34ace086e7958ff1311e165,2020-05-04 00:00:00
0xd578919e953c18e02ad76c778d959730a25c351d33b99154964257206100579f,2020-05-04 00:00:00
0xaeee92829cbea2f57a3dd34f81f70ce524cd3374314e907d44425f416740322c,2020-05-04 00:00:00
0x5133e8008d68d06ebc979d2a634873fb68d85f39c22545bab4dd16becf1a13ed,2020-05-04 00:00:00
0xd185a85fb7b1fe583857f9890dc94a9b8f5ad23443374f56646488db6c5e2452,2020-05-04 00:00:00
0xaef2ee004dcd41bb904ad06b1182e1d33c6f722aea74f6baa97d68f6ef3daa99,2020-05-04 00:00:00
0xdc6f63c26939e0e8b455decf4c3f3da047668fecaaebde26b455d058ba1066e3,2020-05-04 00:00:00
0x5a4ec0dfcb50d7352c85eb4412569058b639fd2fb879743c7da15dd86a33bd38,2020-05-04 00:00:00
0x0925f559a2c133ea11cab81f34997fa21763e18823d540e33fc0ffec20f13e64,2020-05-04 00:00:00
0x8c000bbc762845b149dd872f76de5accb59883a51aa76844a646804ad5c975a4,2020-05-04 00:00:00
0x458e059a19f6feaa3f4c52712db7b52dc13e33ef4a487342aa830bd8cbb13e14,2020-05-04 00:00:00
0x81c8240734e135e6cd1c4c52df935d4a9468ad201376ae6c85c0186b4766fefd,2020-05-04 00:00:00
0x2a4c3f87b0ff25512216d19c6a8a5c01b5172d82c70434b5225199bac9c9082f,2020-05-04 00:00:00
0x9544d6109b3129d2fec9c8f17eb0793d5fdfe2458e3ed62c7f0cb4677b42ceb1,2020-05-04 00:00:00
0x6390402eac5e9a7660d99cb3225a1915552b2bafae69243e3001ab03877fef7e,2020-05-04 00:00:00
0xc2d780276930babc5f0115e4412112e3ded748a151a00f2b80b47264399ef95a,2020-05-04 00:00:00
0x920fe3daba3d7e2f76b6bf2cd29ede1505083df5202d94862a7bb5c8bb3b4806,2020-05-04 00:00:00
0x4a5a96e2b40716a91b30533344c6fb31f5b647a27ae2bd9e93b523015ecb1dd8,2020-05-04 00:00:00
0xa8e5517ef558e56596f05b47ed8f3fbb8afb5f3ce4919e7f315247fc7307911e,2020-05-04 00:00:00
0xed7b5b6d3d0724a669f3ab71b1743a4fac84882acc70b3af4a6b0188b4e97e48,2020-05-04 00:00:00
0x4366dcd837adc02498a7117858cb2ecf9e003b50e341bac7c97d8c26d2ce4b11,2020-05-04 00:00:00
0x5a2c4c80f9c6b8355c47446b9ddc4378d10ac1d4dc957a7796da6d9b2b912fbf,2020-05-04 00:00:00
0x62c1b2267a7b98dcc112537e9f9d6d31d4aa4339a52908760f039d55eda31757,2020-05-04 00:00:00
0xe7a3fd0da2091318d87af436ae7626303a440035eb4234a75894765412397dda,2020-05-04 00:00:00
0x5c4de1e4f4d69db3a37c1e3c0d96edf88daceda3291309880600bd43aaff7cbc,2020-05-04 00:00:00
0x0c3ebcc0748a17554e0d2357e5f15afa5168c7914431648fac6e92938be4433c,2020-05-04 00:00:00
0xa673a13cbada89c4bbed3d8eb3fbb26805546081774000f084b24b0204d415fb,2020-05-04 00:00:00
0x67a8016f6234392346a70cf03e68ac667fb1bd7d5f4b253094c1e73f1ce9fc3f,2020-05-04 00:00:00
0xe65bd025984aea4a0d54e08a75bc5f6bf2a567f259ac33dd651c878d753af032,2020-05-04 00:00:00
0xd5a91f14bac518dd7ac28ebf278faee9460e04bb33fbd5d449435732a5586011,2020-05-04 00:00:00
0x372a1b0e6325a28dba8170473881a16fac386d34e0ed1f082faf63886b31172f,2020-05-04 00:00:00
0x7f410a0198100d9fe1ea7d40ba42cbb14622e3f2462d05ef8ece0c6472527bb1,2020-05-04 00:00:00
0xbbd6e41be7ffae788fe8b258b4cdee09356aa3daa643dad3526b3eeaf622a246,2020-05-04 00:00:00
0xa8df7e50aa08c2b3c53c8585726197b86fa42d3e5f9407c22fb60a472d06f687,2020-05-04 00:00:00
0x1064db551d984ac652b9ad20b452bc63eead162cf5f156fb0716128ae5140c2f,2020-05-04 00:00:00
0x1c55e1a5fc20d686b3b031b908c201f27b4a68797b671fccd7ead68329a08f4a,2020-05-04 00:00:00
0xab1b7e42896f1d98a56bb60bbeff7d6696d0c618d28864bff35391bb5bca6ee9,2020-05-04 00:00:00
0x9ff42996478b315a2aeb53bd4a8c13bc7fb7c929785053f39b29fe0b8ac07ec2,2020-05-04 00:00:00
0x94c6bec5a557a9de0454da5f21f6f6abb6e8a1d1b50fb38cdb4dc1be517b69c8,2020-05-04 00:00:00
0xd6544574ba1dc8f47d9edc416f73ab47dd7cb5d6e223e3dc32244ba50fc0170b,2020-05-04 00:00:00
0xbdb6ab6c00aa24bdd0872c823da8beae0b751e4c866f85a90c96178309b2f4ae,2020-05-04 00:00:00
0xae8fc9073dff594278856972e5ed6cb448b7f55f9062085136e2ec0e8e68cea4,2020-05-04 00:00:00
0x8b69279eee65c30026bd84245cf336db8fb48c7173bb2f6c058095696a130492,2020-05-04 00:00:00
0x9099ca0003b58fd552c86dfefcde6ebdbb86f5ce03b7b8af9c4d4f69aacf8053,2020-05-04 00:00:00
0xc2f518d5392c87a344ccc84d4623de3475bc154a3bdb7a8ddbbc0a70956faf64,2020-05-04 00:00:00
0xf4609446f3ef609de55bc91bf56576476bbd057bebb9eb2891715b7944b852da,2020-05-04 00:00:00
0xdd23cdc97c6117c0fbe83b4bef7d627c600832f320ffbdb20914331109a7cdef,2020-05-04 00:00:00
0xe51e044c19cbe994430d7c46b48c486eb82b73869979a523b068b3716863dcaf,2020-05-04 00:00:00
0xc26fc5eb35f2353ad93a7e238b7f186ef16acff953c24b05c7d8120c507a9e7c,2020-05-04 00:00:00
0x397abff3a29022a68eb2b6ac6f11d509fc94e7d49eea48dc39a529a147438e3b,2020-05-04 00:00:00
0x912331f22a4ff37082bde91601c987ccda3fe06d390a8d1ed4f862ee5eb9242b,2020-05-04 00:00:00
0x44ed25ce551d21152d6ae9020b541593c69df867a8d7749e3dd2e94207465240,2020-05-04 00:00:00
0x05cf33245882d9808187befc920a606d43c200996f0eb31e25300df44b9dc8e0,2020-05-04 00:00:00
0x822f8216480feb3ecce1f3b7bc95307e0be5d38c967f75f7a74886d85d408a59,2020-05-04 00:00:00
0xc1d913a869081b28f82eef46d6f9189b025b4c9c7849368791dc669bc0dc6845,2020-05-04 00:00:00
0xbe65d45caeae40196bb500e23fe3dcf4c8c34cf148a45e0535ce8e9099ce3665,2020-05-04 00:00:00
0x2f43a9c511bf2161035b52d79d16e6ca67e633d1f6bf2d91128cc7c804c40456,2020-05-04 00:00:00
0x9c7b4a4603f0bb827df0df05ffed4e8d0ff7e9018572e47ac7f18237f437b26a,2020-05-04 00:00:00
0x121b73c95a275d711ea9cfdb36379b74268d37e2ea9488fc61f96668e719e3f7,2020-05-04 00:00:00
0x5def9a5ba77d67b6ece474726bd88a7b3de650fd6b1491532e15a45986341931,2020-05-04 00:00:00
0x530f4c1044299d6ecb0d1e05654605b588f70e8a9ff449541b1da5c2f0e73c4b,2020-05-04 00:00:00
0x2ea374191d30505e2c5ddd4bd39dbf59a65d08ce639788777efdc6d44d6b9037,2020-05-04 00:00:00
0xe2af34f9d8d3ddd1565b032e041e7b25a1f8c425e5ae8e9c5936937b891bff1f,2020-05-04 00:00:00
0xfa51c3ccd86da055d0d51068e7f46b1815fa1032a623a257eb538600191c0c95,2020-05-04 00:00:00
0x0914a8fd961adb4462c47a161e81fd62241dad1df9ddcf3ef6b2c8f885c464c6,2020-05-04 00:00:00
0x9bfe1a82d2acdc68b300925b2badc2b226751c6ef179bd1e6e80dbb89fe79832,2020-05-04 00:00:00
0xdd5e2bd35a23e2413aee43afdd5a8f58f9050b454ef0fc4553559d758a02666e,2020-05-04 00:00:00
0x93689c069aee98103b5f821f4c3d6dd1ead2197c6f133a65857d8a33c8a0ee2c,2020-05-04 00:00:00
0x78c99a0c0ae88721bf5a5098a9b87b5a8473998843691ef850123b197efbe309,2020-05-04 00:00:00
0x1d4f1946be5851321d4ca6d3c0290a133d29005f908c6e33059abd31486178ec,2020-05-04 00:00:00
0x393eefb97f2dc40c619b7ca4c63d2bc47f347b0f74be9ad2e1a3fecbb05c2d05,2020-05-04 00:00:00
0x16848e3356501b1b62810f91d02e118a8b363ffd6a2c626c5f94fcd12133b8ed,2020-05-04 00:00:00
0x07a33e52b06d166c9833ef096eb23403abb99529548a7836c0dc394ef87e88d3,2020-05-04 00:00:00
0xe69e7376015882f1f94b61c91bf184764b70abf220db97e3c0c50cb88428c8dc,2020-05-04 00:00:00
0x6a75b37d2b5801f80e8d0654987a424ddfbf4eabcb0cab599ac86c51168af5fb,2020-05-04 00:00:00
0x55976c58336fdfab27f2aafc55174593e10379e0bb023abb128f089883a44572,2020-05-04 00:00:00
0x7167cc3ddfd09de8045f5518cd690a00553ea2ad2edad6fd8f6eb78c68023b33,2020-05-04 00:00:00
0xfb19408ce2c6295f094f477c949e41398c5c5a3456c6fa2071aec750c70abd90,2020-05-04 00:00:00
0xfbb8156ce5f66fbc87f64f28cd7d13491254ff40240891587bc63bca7ecd1be0,2020-05-04 00:00:00
0xbbf6b7b247c5eee074f31953948123982363345df0235338561e40bc6229a574,2020-05-04 00:00:00
0xac3e7dc1642f56462f04f80862839d01daeabb764357c08f30b516d457674c88,2020-05-04 00:00:00
0x3ee509c071f5bfcf4d08eada68e5b13aa94d058c7aa49ccb1d8beb39ae6b1f55,2020-05-04 00:00:00
0x85b093723b5196f42d880632670f99abc6fdbd1d00305bfe396a6a9ffc18e0e4,2020-05-04 00:00:00
0x24ccfdd20f77edb97e39cd2a87e4afff413fee7c802ca3b239b9ad307b6d0ac9,2020-05-04 00:00:00
0xdcf4b7805c4dc5c1b07e08fad878bf0f397ca72f23b6339a58274c5a0130e899,2020-05-04 00:00:00
0x637ce66f32c10d47f334124d06e2080a2a3f3e6e78c812bc64306055f2a2acd7,2020-05-04 00:00:00
0x442bdfeb3286d56e34935eab05d22548971d90c0e51966be9bf6ea611c020718,2020-05-04 00:00:00
0x09d318782fbec32fb7c6b3a14d5644dc32287af2ec832284ee7de03cbf301ce4,2020-05-04 00:00:00
0xcf7ca1c54807a8452a1b35b11a7380aad5212389b657d3d1a612d1b539dea605,2020-05-04 00:00:00
0xba2f48299a33932ca0b06b8aac50797d2e17410ffa894cf77b7ca685724af54c,2020-05-04 00:00:00
0xb0249366350ef5de9f0431fb100ca76de26e1234184b2b2156ffdca08703373d,2020-05-04 00:00:00
0x3bd7683b033720030299dcbf5b3801e795782d8b5b4bd9f6e644a3c1c4f6d6f1,2020-05-04 00:00:00
0x54b3ce2e16b443a03ac9e87bc023cbb15fd10ac2cf8ae219ba61db22111874f2,2020-05-04 00:00:00
0x237b19858fe86a29156e9744d2d54ee897c20e511c18100c076bf7351875d1f2,2020-05-04 00:00:00
0x9398915b53dd54c6546a67e7397c62049f94f0036336618602df72a541ea3bdb,2020-05-04 00:00:00
0x3ca3888dfdf331888fdfaca5c17b7db674a08654549023c91dd9cc24f473db1e,2020-05-04 00:00:00
0xeb290a44cad83cd5956911b91f62882a4403346024ce0501e63cf77695dc8a99,2020-05-04 00:00:00
0x0d4ab2e392bdd9001216b6b78ee50a456e65a010d9f91779baa8b593b8cbe621,2020-05-04 00:00:00
0x4f561520f5429798aad70b5179a25e397d24aa692f05e78f4989ee1aad93d654,2020-05-04 00:00:00
0x8724feb313bf41bdef23c68161aae046c2664dc596465ef13b719093c1e68dab,2020-05-04 00:00:00
0x45e13b64aa9b4da1c620ae688d853f39efc08b47503d992fa0ab6c37eac1bc72,2020-05-04 00:00:00
0x2754d31a375d390aae6f5d2597517421f24cc0c89cf446a9134f0654bcae9b7b,2020-05-04 00:00:00
0x4131089a79fa490986250523212746700709b645c3a58ae377d724c3398ad532,2020-05-04 00:00:00
0x49225c6070723d9fdf7edb320a5be9b75748c7b8ea58a6b6047596120f39bb61,2020-05-04 00:00:00
0x0e35b39d00539c54fbdfc62b5ed85ef7499d6488dccc8044aa714c0175994c85,2020-05-04 00:00:00
0x619b5350b3d429e98e39b19a9e119afa55a43938069cbbaa7815ba8f9c219965,2020-05-04 00:00:00
0x08bb05817c48ec601ae81e65be499eb379dd7d23831a45fd8d1852fcc93849b3,2020-05-04 00:00:00
0xa2e6a82f70556f6f5672fded4937889058ea9560e07928c7359c3b3a8769d40d,2020-05-04 00:00:00
0x29ae728704f3f1ca081de0321f424d17c28ee80296f1c4e3c7fa9f0c51d42a71,2020-05-04 00:00:00
0x726abab4f6688e7a76b8d7c3e0c61eb51b06e700d2c1454cbc51b2aba2fedd6c,2020-05-04 00:00:00
0x0f68990525e975081c858f55f73b090a86f754f1a95be2bb0e952ce8505411e7,2020-05-04 00:00:00
0xff9c5cd8e9331daa2b9978b8a1a88209ccf50f5f2c4449ec023758cded659e2f,2020-05-04 00:00:00
0x72582eb311fdca909293b375941819108013bc7dc855ca4492253313ba5d741b,2020-05-04 00:00:00
0x00b713376788e81cdfdbb3947f1175f21eea1634e59e0571104a7544d4d05bc9,2020-05-04 00:00:00
0x531688046eef08b41c8ab8658b45fceb9736ffd7ec9052cfc0f43460326f785a,2020-05-04 00:00:00
0x86b0303def19be623c5376f36326ddf25e03d0372f32fb67cce347cee6266698,2020-05-04 00:00:00
0xdd57c8808a567d5fc062ddfc7b01fca3774a0b3bfcfbe5d6c820589cc48c0786,2020-05-04 00:00:00
0x8a2e86718240eac813a443c003d18ad95c3af82383f3b0632497871c76c67363,2020-05-04 00:00:00
0xba28a929f7b02792c65e777adc9bfdd35efa50337f5d008282665ebbc9c54c96,2020-05-04 00:00:00
0xfa3333d2a3830c10a3c5b4d564bb5ec79a001c3b818eb87b9e7aae3ef4e50484,2020-05-04 00:00:00
0x6da08333e7fa5179a1a2dff18088b21cbcac35479fcd6c28d1cd362842d0b1bb,2020-05-04 00:00:00
0xcee067fa90906d25da069e05fb3ae67f7faae7a97e510bd0097aa43d6a6a5f66,2020-05-04 00:00:00
0x4fd7b3f7f99c23291bb4bc70e088e2b097381bc056c0db9d9b8b1704c5162725,2020-05-04 00:00:00
0xf177585eb5e0a4ea5d0a59250fb4b8d8c4dd4a36d5a3879cb06952bd9db806fd,2020-05-04 00:00:00
0x9740830800f2000b0c4261af1e59dd163d6f552f1e9cc87dd0571a3b498dd5e8,2020-05-04 00:00:00
0xc55c85e8f6e94cfa96b0a687d5cbc2a1510c6e1a076a87a90adb7ea1a0492993,2020-05-04 00:00:00
0x85c680e84685020ee66823731ed2fb5d4dfbd9c99485d9cde2536d314a665a56,2020-05-04 00:00:00
0xf7fd50dc9ee7b47e9d6efac7b0142a5fa1743925ce1a460caddcaf0f4fd740be,2020-05-04 00:00:00
0x33b64de83b07b88ae344edeaffbd54bd8d04a5df1df1f18886e24bba383803fe,2020-05-04 00:00:00
0x0c1869c6420c897b7382f72a535da6f5ce3b197c4b162ef24f22d2d88a5eb0e3,2020-05-04 00:00:00
0x2535fbe62ae3269d3e09ea528bff1ae468690cf6fab1df8551cc169b0afc70a7,2020-05-04 00:00:00
0x7a214a063a42ee8ff2194f984d25217948e28eb4284926c7958575810fff580e,2020-05-04 00:00:00
0x23ddc1f28773b5e519139cb8a99b04bcf1ae52322c0cd5ba692a3721c3358e80,2020-05-04 00:00:00
0xee3ce2a209159a5bd6f5e37c99774c5775cc74c860c095295a051e9823254c3c,2020-05-04 00:00:00
0xaa272ce68c42274265be4571ba0c6d1961c22761d7c79347253f7825cf27dd15,2020-05-04 00:00:00
0x3781f7364f6faad601efc642da74bb233ec76ceb0fa8f56dbeedf2b3b9d12337,2020-05-04 00:00:00
0x34a94a06236ad93708b7e44ef9ebfaae05dc546942b445265f9566746024c62b,2020-05-04 00:00:00
0x79cf82ebd7ea73ab5769ed8d9df996e5b2337a5738cec006c33e1f73d62fd238,2020-05-04 00:00:00
0xf4396744bda08d6ba9f3f5814a19f07f1a369ae876f52b183091f89edabf70d6,2020-05-04 00:00:00
0x3e7a42983ebf68c4044304572ff8a15bd8a912fd80b9de4e782b2de3911fa2e2,2020-05-04 00:00:00
0xbc9adf93593b9f6b6b31b1dda6b521a74b2a20d1f0e1f6e2b680341502cd4144,2020-05-04 00:00:00
0x1e321674c127767f1531065fc132303b32c63ac5e3de0a95719b59ee6c88cc43,2020-05-04 00:00:00
0x8cff850256fdc8e2056e997c9fb44d9e494e3c57925375d51fde446a69434e71,2020-05-04 00:00:00
0x6ed211cc13f821e449a500e92095b8f633b27ee5e293a80cd3456192886d8647,2020-05-04 00:00:00
0xa2009f180f26f93c0d89528abc877e226e08a0d017404888b2d18523c46baeff,2020-05-04 00:00:00
0x790f1e257c13ca5736a33593e7e2805aba6f31db02e16d38fc0685ceae1024b5,2020-05-04 00:00:00
0x17261c0fd77cc5e56cb67786c2792e183ee48dae3e9bda585fda25d0fea929ad,2020-05-04 00:00:00
0x00c49ae920ec48d8489d4d8bd6d59ab94acf6aedda8167076b82f5dd9790c0d9,2020-05-04 00:00:00
0x169e3314baa80eb88c39664690ef561a2f32f31aea50e7479f56a06b7a253167,2020-05-04 00:00:00
0x306ffe7688e9c849f15db33695a4ed72d02c921a493613a7a206c6546f59661f,2020-05-04 00:00:00
0xc3110ebac82d07a460db13f80ff61ddb7551ec77ee4402cb784f0f203287c7ed,2020-05-04 00:00:00
0x16267a0457bfa450a9d2bdf2ad81d08c4bfaefe687d7a0fda0d4d97cdc404d78,2020-05-04 00:00:00
0x18899255d0587b7f089e917c5194502110132b81cb35df90e63241ef6e3d0288,2020-05-04 00:00:00
0x3835db9c0664e0b58c01f5c8a6031777e4f6f3dcd91609b6ed212521987a4a93,2020-05-04 00:00:00
0x34b9abb7aa31d18a6e5dfe40cbcb181cfe562c09100c89e0bea672f97a9026dc,2020-05-04 00:00:00
0x723bb813cf6d9947d48c057525aac3ec0de1fd134d3b7f5b8eae89213452cc75,2020-05-04 00:00:00
0x5d9014dde8a17c3f451826794243a01aab59702a72d953b79a835a74ff307d0e,2020-05-04 00:00:00
0x5a11e253a6d1c3a8fbc9039285dc8c6eaf0e47993b756bcd74996a574f24bbfd,2020-05-04 00:00:00
0xb6a27073078e44b1eed9377e35ae19618792f2ecd7fe057f2cad39d99cfd1c26,2020-05-04 00:00:00
0xed60fe8c06ad691ec025308dd7359c31ee1dd06abba6576a71d32a347662aa45,2020-05-04 00:00:00
0x472b9a7466c78320db5bcdbb6d77c7b072d7130bfe64137fb345afd9d231cf4a,2020-05-04 00:00:00
0x1f15e7ad7492268daa3b67b975dee4877545f0da4298671e33114a352f46dea2,2020-05-04 00:00:00
0x5234312e22a67b2a6fce10d88462bea7aaa6efc8d384cb1716603afcad069f99,2020-05-04 00:00:00
0x760af27b00519b13919d6fa3dcf00b83a28fcc8327177031d17e1aced9e363d3,2020-05-04 00:00:00
0x446c965bc8e8bc6a02faa63c514f83675591ba7959ff8aef5eee2aaf8c96e0be,2020-05-04 00:00:00
0x02bf71b9508035fd41a1a7f6da6e15220b05c1e0a79b2f6a71809c056c2772e1,2020-05-04 00:00:00
0x1d32ff1ee53512c68d9a525ffbcfe1eedaf6f16c056962c2c4ceec9d5653e6e0,2020-05-04 00:00:00
0x23998ad8048ecbbfb11841b8e182b19d6e4a8f6e5614b0e88e762d0edf253001,2020-05-04 00:00:00
0x119f5d81f58425cfa8c43e5d2977ed4ffa2c99872483abbb469cde188705e57e,2020-05-04 00:00:00
0x5104b0ff5c02ea55ec626afb16f4514450e7b07d7cb24ec82fad69afdfb5d275,2020-05-04 00:00:00
0x35c8eca6ed9053a3754ea752e63c712cf29823f766e8ff902c1612f02890bff7,2020-05-04 00:00:00
0xc1cb7903f69821967b365cce775cd62d694cd7ae7cfe00efe1917a55fdae2bb7,2020-05-04 00:00:00
0x0af91f4c96c91475d77694af893710471934695060216a4669eec8dc7c6a75d2,2020-05-04 00:00:00
0xb5ca36cbf5d6771ac38aa34d43e4b3a520b1dd45d32e9a9c479c912ab661158d,2020-05-04 00:00:00
0x18c95de145232017b495973d7f25badbe875a777a0d998f73aba025bfcf38ce3,2020-05-04 00:00:00
0x0dcb2cea3a7bfed92dbbe6d2ed29a9ee4ce23ab1572a44361b5c8e2555cc2dcf,2020-05-04 00:00:00
0xb59fd77e13f2cf6b1132e2c1f6c755ed88ea5d6f5341d39fb615c543792b718f,2020-05-04 00:00:00
0x841ea2f5ecc984292ed35eede340904178e46b6d321e3e4161b1ff23c05b9073,2020-05-04 00:00:00
0xabaa0d8404ef265cbb277b405b03dd38f01a12638f52ac9363807aa93263dde8,2020-05-04 00:00:00
0x8d11fcc8b9b72741e5ba72a041cae7f286692defed364595bad215a365130043,2020-05-04 00:00:00
0x13aee0bc45141adf87b43092e9c1b5057803fe5ab1e12570d8648ef701778432,2020-05-04 00:00:00
0x4d22493ef818c5f75032c499518ebba29a9b822d077c4b0169598e8d044ae6e2,2020-05-04 00:00:00
0xaf0290e5c8646e33490896ca93812a80f4556b823e2606873840a45239e5c82b,2020-05-04 00:00:00
0xb3c5ec41f5d7c5ddd13b2cd10d4ad8053f8eba7adb5705e8ffa8623628f51382,2020-05-04 00:00:00
0x86cc72ef39fd33f93b0d013da58c526fff9f148e00f3fb07159fa2feeb03f217,2020-05-04 00:00:00
0x385c11155278775eb3f8f391ef4f3e0860f4deefb4c15bd330b40df9d90ee1c8,2020-05-04 00:00:00
0xf7993e4288de2bb97490e14e224608720cc8ac50a8b2466c180fd1415d63b164,2020-05-04 00:00:00
0x7ada2cbb3515992c766e27757edd19b229bf4fd7491b1f1058514ef5f735e4a9,2020-05-04 00:00:00
0xad8f488fd120a958e21661ed15e0d9f79e3aa0949fd74b2849b8582387e608aa,2020-05-04 00:00:00
0x74eb19951edae9c378ca4e77c1ebaf7204669527327f3e3a171e68df23fe44ce,2020-05-04 00:00:00
0xf7398a33837de352d7bc54ba41eb6a41f4a940ce186098677fde73301f3e17fa,2020-05-04 00:00:00
0x5ddef578bff483953e4af69320dab334ae28a3d731bd7b4981a617169a31ad42,2020-05-04 00:00:00
0x2aa606b0a85a7c8eca7a77de9272a95ef5ca47a89fb8a3dd90e08fc0b2066aaa,2020-05-04 00:00:00
0xeca5fb04803f8aee7746e2a02e7d9a65f0519a40de48e46c27e0b9723f0b5272,2020-05-04 00:00:00
0xd6f022c0b19761008706da15aab0e72d03f44b964ecfa2d40e574e6c05c78414,2020-05-04 00:00:00
0x0bf3a2ddc32b9e60cc45f2a138c9012c5933448849f9c793ac3c568b172678be,2020-05-04 00:00:00
0x3ed78e0759e60473c5dea7f5d07f12368fcb4e17bb98f2d251146d23d855656e,2020-05-04 00:00:00
0xd745a274e9bcff2d95acade18fd96979c937232767e5f5886360c7bb64a828f4,2020-05-04 00:00:00
0x451a9e2620d4639678203ae6fd13628193f22892544f23a698d181ae4f928ea4,2020-05-04 00:00:00
0x1294be644d7f268972ba07873f41c013da68bfe3b4f5f34067e6a1a286a04645,2020-05-04 00:00:00
0x1622d2f5adc17badbc83753cc4f9a03844eb7a9170c28047001e3f44d2377649,2020-05-04 00:00:00
0x53c9e40d01e76598d7b3df1289aa951fa68f7183e7a714ce51a2b18db1abb443,2020-05-04 00:00:00
0x626b30142b154b5040c2884b4e60f56f284adcd5d7272f5af1e15ee1df60221e,2020-05-04 00:00:00
0x60e981155bd8e86e07a5a5659909a726ec55dc48054730c668b9541634b4ca91,2020-05-04 00:00:00
0x9e9811e31c8fdc62ff50b231818ecf0f7b074c0e20b2b9157d78131a7670512a,2020-05-04 00:00:00
0x089c5ff097ad5e8750c7d3216274fc7505c1bd18a341d02ac0c6045a477c153f,2020-05-04 00:00:00
0x9b22e62b8e355c646023b7fef54ed42cd2d81eb15466616b8b97e7c49fb307cd,2020-05-04 00:00:00
0x7c4b103d788c268d6f4212fbd55fa38fd40116bb1bcec68e3d2d97828a431f1a,2020-05-04 00:00:00
0x7419397b08fbab84deec29e3bd350aa9e73afff6cb167e5d5ef183bbabb69f85,2020-05-04 00:00:00
0xb971841828ee06764d91f1c6fddee9e7f3a6645699500e61af656aa048dbec1b,2020-05-04 00:00:00
0xe135222172cfcac53ed8636467ba6acec03e819cd119f0dfc68772e53246aa5b,2020-05-04 00:00:00
0xbe8b8e39d731563cf2eb1287342a3109f419dcadfe651e904b3c569c865e05cc,2020-05-04 00:00:00
0xa96bc75edfb75339d231bd1dc4a3f8bde57d33d413d3dbd24bb7a319a33ea951,2020-05-04 00:00:00
0x6e00d05a0cba3d3c5c79991d6236c8988a0a28c3349decb2022ead775f8e7f97,2020-05-04 00:00:00
0x438e12aab9fa38bbc879701be786c90804a93ebfd93c2391f4e89b9a9af7cbcd,2020-05-04 00:00:00
0x19d644c036f9b08d4dbca0c0071d4e3211846b636c2fffe4d3af731fa5d5a433,2020-05-04 00:00:00
0x7f3f25d9e18f3eebf970753b58d6d4ffd7458b32da1a30278bc9463a68b3f013,2020-05-04 00:00:00
0xaca7d68cf8cc2a665fc7df26cd5d30ad369c88e0375ff442a61e305df042414f,2020-05-04 00:00:00
0x23a1d95b8f26d65068c469c6d32ed4a4b7850db3fb94a97bbd002bf64b5d96b9,2020-05-04 00:00:00
0x229a06662799afb0f180e46d0aac1c42a8334a83570a437b78525ecd2b6d7b1e,2020-05-04 00:00:00
0x3897bf0e3be3964883d5760fb3a5f803e342a11f593e594a3ae4b89feca72204,2020-05-04 00:00:00
0x3c6a7cdbd62f84a81b7a6116ee9b5c177afc996a4df2a78c5a77d608267ade09,2020-05-04 00:00:00
0x9d1c03281c604969d1fe9771d1409c02625edb8a12b9c7449aaa2323907f083a,2020-05-04 00:00:00
0x386e16b93c479126b385593d0b6db80df8df5d4d3e3c3bc916dbe02f8dab5664,2020-05-04 00:00:00
0x2326411ea4a01d2485e22413331b1f5326b4ba9514d0230f62f7e4213a439f71,2020-05-04 00:00:00
0x647c4c4ae70d0d8005a4104863644753d845eba2d30f83ba23673eaadd00514a,2020-05-04 00:00:00
0x513003108d827dac730f2f6c6bbba499cb32a0375226d74be0ae9f9dc509c53a,2020-05-04 00:00:00
0x26c9588c3a16a10b0ed160c21a23d595bf0dc75abcdccce09f55b932980840a1,2020-05-04 00:00:00
0x7fce84da9bb12645b0fb207fd8c69501f2d3627c18e78f362e9a38820e2b70fb,2020-05-04 00:00:00
0x3a7d0d419864c36504f4748e97af67221847c3f5843e20a4f6fdd44432b5a938,2020-05-04 00:00:00
0xbdfde00487c373e9e8b476c77a9a247a4bfd501d87e32104b1220b3d3c7bc6d1,2020-05-04 00:00:00
0xee9ea2062c6dc2326f1cebcb62caee33c7819eaa142738452d414daad3f8f7c9,2020-05-04 00:00:00
0x0c3892a318eafbcbb6766cc9edd57e8ff3f1cf27b0405764614073f41699a717,2020-05-04 00:00:00
0xe059f58a685db31883912eee538c46b3c397c602188759caba9ab4313ab3c542,2020-05-04 00:00:00
0x313ecdaa13329728fd972169375d82cf4dd160d63b2126ba454000eb256525a4,2020-05-04 00:00:00
0x91781d1eeed9117657e3ac140ddbfa938b581cd41564e67b1622cd5541f989c9,2020-05-04 00:00:00
0xa07cd26dbb8d3a53009c5d080075c3d9a1132d9ca0739d7a77a7e1acfb44ce50,2020-05-04 00:00:00
0x7486f7b66571561b3c0ab0cf1f6f90ff64cf184d7408fe069e789595d3168862,2020-05-04 00:00:00
0x471d81429631f522c294990dbb51475f22739b296002cb28412322abd250741a,2020-05-04 00:00:00
0x822965166feac079d5111d370876939cb43956d650f0332f0926a2d1ef7cf7ee,2020-05-04 00:00:00
0x6e028d0aa02fabe2f1c4aec3712aa6979d0a355a1a3ba8ca0a97d1e203cc1608,2020-05-04 00:00:00
0xb98906c8fc6d40551d8dac9ea74fc052c673094a61f2b8aedcfffde9e578e2f5,2020-05-04 00:00:00
0xc985ec1fed76a5263f361d96ee82e1e6c3a883afbab34c8ef21d8c26b5b8c439,2020-05-04 00:00:00
0x382432def97a802ec747b3581983061168c40b3a0bb3c8c4a428fd589654dc6e,2020-05-04 00:00:00
0x01fa5d73055cc46ddf18fe2ca57191add17c5d2565b746451ec34d1fd5040aa6,2020-05-04 00:00:00
0xdb91a4d4c6799b73270e8b57b8235e0e3a6058bf307973669beab26a07a3032c,2020-05-04 00:00:00
0x45d3d5766f74a68be801984fd0752f298ef5e4c552b746617891963320428330,2020-05-04 00:00:00
0x51a82fafd1fd870b2849db999777d4fee534ebfb4c3a11227740640abf5c3e0f,2020-05-04 00:00:00
0xa74ecb754423227e1ba0ee5c5000dea8272cfc961d10e9f5d80021d837732c61,2020-05-04 00:00:00
0xe8dd4fff88ea9850d5034dcd47354d167e5de3f31625d047af7a6f1567ae249a,2020-05-04 00:00:00
0xf690f06185642b05f1fded0da2c920a8e594269d118caca021e88c9f183631dc,2020-05-04 00:00:00
0x2267ce32a010589342c4e8f2d7b2aaadbd5ef37b46656a5487272943edec35ec,2020-05-04 00:00:00
0xdd804303f419d1bf7a877c4b96375a110608f0f92a51c33a786c6a0b2666f385,2020-05-04 00:00:00
0x7c6a43a66e366b1fa5a580cb5be0bb4a6a8065231650922724f43eb31e0bb48d,2020-05-04 00:00:00
0xe07b96bbf415bee6da1b37cc4020b68c2d7a3a05f819b482812edcbf27a94c27,2020-05-04 00:00:00
0xe2408fb3083de966c9a53d79593cbf304e132dbea9cad6756f89c30a4a45303f,2020-05-04 00:00:00
0x8d8c60903342546af00039bc8ed95abfc92f88a58ffafa48b3bb68b297e054cc,2020-05-04 00:00:00
0x11095f943205e0879b56534ae33ab2d543bb3d9ed0741ec2fddeede77e2bc116,2020-05-04 00:00:00
0x35228b337f0d9d30cf1bff05c8011891e61e66caad0e46538784b72abe711bbf,2020-05-04 00:00:00
0x0b6f635c9283d6c22483c753e5d6fdce0a6e22c7ec62ece47829c721aedaccbf,2020-05-04 00:00:00
0x83a384e2a472f4a62f1e278ab33d9b7ab9aaaf1e99ff978115dd1b1a6905bf58,2020-05-04 00:00:00
0xe004e9ead01ec24eaad40d85b049c40b0f7205dabe6b82d509c81ece277619c5,2020-05-04 00:00:00
0xcc9ec3e0bf86f385d39156a7563b082ea0da9490f020c6452ce684f1931aa2f7,2020-05-04 00:00:00
0x6071165eff19f57d8e19b9fe189f00010ff18345ccae061de3ad18cdc8eb85f1,2020-05-04 00:00:00
0x0700d6e311fd4ce013584e65d3692f66bd3a68072e75aaa7b28dfe690178c3d9,2020-05-04 00:00:00
0xa2ae9acde300d7d91f07e899619c62865141a72b53a687ae2558f787d634797d,2020-05-04 00:00:00
0xa96126c58614e793640e58587bf8f541f39f796367bef80e3af0bc8a52942fff,2020-05-04 00:00:00
0xa22a22d76bd069a2aaaf72510f35b489129aa23f0d227cb41907b7695aaa2860,2020-05-04 00:00:00
0x32d6a28e37b08630a215ecf26c5b36e2ff2f29f12d7f063fac82f50e46e8b550,2020-05-04 00:00:00
0xd020aa74f34dca3f89c1dcbbace5e9a3b72413c118358cc09ff4fb88399e5d15,2020-05-04 00:00:00
0x3e6b1dc6e5b47b18f9fd7019140e569c0dde0f5105a2e004d04d012a8e52a8eb,2020-05-04 00:00:00
0x6ec3567fdc139cb34362c2bf9ee936f8c77683af20161450cead77d34a1cc54c,2020-05-04 00:00:00
0x2f909f2a069f88e24526a030e08760ae47fac38ffd3794ee2ad0742676573f2d,2020-05-04 00:00:00
0x3841e05a734dbefc38d433467e854b82dcfde57eefd90364732112e102e0d6b3,2020-05-04 00:00:00
0x05538dbdbc47c320b6836c6b5dc2fce0eb035743c2e08ffd7cb938a7fdcb826c,2020-05-04 00:00:00
0x8d5c08cf0289bc08938b19dc37841765657e07323370e26683c753187acba3c3,2020-05-04 00:00:00
0x6c2205faf33dfa4d6ab5f1157fb422c8126857b9db413d0b98b763ede042ec22,2020-05-04 00:00:00
0xe79e22374bd9b2fbce5bcecd6a936700c75b50ff0afaaf811bb1162e82345566,2020-05-04 00:00:00
0xe7093a785d5e48e61c53ab8b546393267be555f6a62ad274dc012ee93050afb8,2020-05-04 00:00:00
0x2a19455aea234b95de64960d168e5b7dd334e19d59e335e63382a34f52b767f3,2020-05-04 00:00:00
0x1bb48f7fb88332d353c0f37099336f5dbe6b549a9968ec2c83e9de74e6a40f9d,2020-05-04 00:00:00
0x4f573bd0c81d6aca29729042941d7813a849267fabac6c7cfcd18bf80cb86490,2020-05-04 00:00:00
0xf7f8094b27c25ebc9ad2f84220d767a576a20794651510132948ffe23c3d3780,2020-05-04 00:00:00
0x4d9587599937e29ae04fd6a153fd03c57b11d04b9dc77c453deba85e1cce48cd,2020-05-04 00:00:00
0x934020f23b078305f95908887b1ff53925ea791381042b3e3652cc44af7ddb06,2020-05-04 00:00:00
0x7bb10800d649b3fd6fd9e264bdc5d5dcdfaacf6dd8d68f6fe7401f8b0fdc98b2,2020-05-04 00:00:00
0x49f992d61bbc3f5405730e3a5bc8a821f057971a12e4e6ca203f66f2e8dbd198,2020-05-04 00:00:00
0x14fb7785a4d31cee94dfa11892152dbba88a09eb4bcbbebf835558a3a6729283,2020-05-04 00:00:00
0xd97c80d4314c968c899c21b6134cb8fd0a57dd46e7f699d4895ca930ec931822,2020-05-04 00:00:00
0xb812d43f9701f642ba5e7e30f60047494dec6125013d759c4dafc1e515e8f4ce,2020-05-04 00:00:00
0x991bcb2d76624a39c8f34bc330e66535186f435789000e397b7e7ca1d6eb46be,2020-05-04 00:00:00
0xc314df2467a09c6ed50d92f144c4d68a6fd6c5d7f67586189ef6535ae1788885,2020-05-04 00:00:00
0xb0b4d9dc30990ce2fb9846a2a58705960099eb16b08731f47630344225062b93,2020-05-04 00:00:00
0xa0b283446b797213606e6554e5047b8f0a45598708c3ed8c1e742fab6b918489,2020-05-04 00:00:00
0x93b40da94e612ff0e3003f04a7f31dffd92cb28e133f300d93c082a7a23f6d7c,2020-05-04 00:00:00
0x3ccaf1bcc3aa51f9f240cd682b5e50b5d70b44900ca59b793b70ad59faa82326,2020-05-04 00:00:00
0x46fd972bc4d2fd167fef582eb89c680c188669373d8ac38783bdec67809d67e5,2020-05-04 00:00:00
0x83067e8c0ab93f72d67d18e131cc57c94169a320df88c4a5ce6341f60f7bca94,2020-05-04 00:00:00
0xe0901bc308d56de9fa0d4410c8a0d25f5acf450296864e612c04bdd10b4a0316,2020-05-04 00:00:00
0xa021f0264378d55b1c7c2c9ee2f2db12562bd3810ae664fe46ff9d2ecff9b1d2,2020-05-04 00:00:00
0xe4660204042edb64bd41e1748db15b3f92be44b61ec38205ad4a412fa124e0e8,2020-05-04 00:00:00
0xc6f89d18c94479a55625bd1960905867b4a8439a6bf50d2b5a9d3a09bd807e1e,2020-05-04 00:00:00
0x0dfee2bfec4b85db1b9324e6f78463028801c44e093565eff58186374a4c3a1f,2020-05-04 00:00:00
0xb3f07e6be09655092dbce15ec3af53f578d7c410820a9764aaf2687c618fc889,2020-05-04 00:00:00
0x905146259311156ddd53602c431eaa395e43ef3eeca01724e980e9b047830419,2020-05-04 00:00:00
0x3d7d3234dcd89648d93859bb2a81a954247f7c01c62c2074ad8d8ffeebfd5ef2,2020-05-04 00:00:00
0xf04c73b7f57bdbc9e0b2128096a7a8a729bd4a8627ba87e125e639e2d968fd9c,2020-05-04 00:00:00
0x71cdab18650e8c28d475cf87bd6ef7ffffd0706f2c749c78a0dbe9d3090cc520,2020-05-04 00:00:00
0x440c72f69bb718185242f63114366c13fc732471460e2198e033eeaba63e2923,2020-05-04 00:00:00
0x860fef0b1fba106e30163aaee50bbad5af31c0df4f6d71d0d0c3587b5a082ea2,2020-05-04 00:00:00
0xf87aa1f4cb920e28a5053843170f04ad57b375ed62a4bf90c08fc577e3631e44,2020-05-04 00:00:00
0xb66e2600f5a97bb33bff247ec32f3c2daeb5abf6a1b9eca03694a084a8e1e27c,2020-05-04 00:00:00
0x1c3a29d38d3681098c209165a00ef11405a9def6582db73aa233baa8ca55b222,2020-05-04 00:00:00
0x141289ae6e10d1ef63e623f9d27d2f548d279fddbd18be8cac8eb5ddbe234750,2020-05-04 00:00:00
0xe7a74e1c0372d3c412d4d63ba52ed1805f5380e376b7c55ed01db5b134265b87,2020-05-04 00:00:00
0xd7d276d5b92799af6c6a99e98786e1e34cee8cf1ce8798f50e0a72aa12539126,2020-05-04 00:00:00
0x79892ef61ff1c527f5827aeba17628a6a538c5ec7ccdcfb2c366c23ac2508f88,2020-05-04 00:00:00
0xebd1eb98eb0faad069da8b65ec1de2662a3ee0ed53a03731f5814f9d9b2602f9,2020-05-04 00:00:00
0x5addba36f1cbb5e0c541a2aa873c485a0550b5cc9cdb842da44a12a4f1c043d6,2020-05-04 00:00:00
0xa2851b748fc4be2f3365d82e96f4a6ad86cb174babf904f9d1d0cea390edacfc,2020-05-04 00:00:00
0x9566403dd599fc99cace11a29850b3d882c781711d6754731b72ce9c64843846,2020-05-04 00:00:00
0xb3725feff596cc9f35b11328b176b7db6a361fa2945cdfcdc3991651df97c481,2020-05-04 00:00:00
0x57845d7987b334018da94943c1730e45630e8d545ad20c6b0d340418b274d47b,2020-05-04 00:00:00
0x4360435bbf917684c7775047b536d2ab382dd49279c91eaa068683c296c1f412,2020-05-04 00:00:00
0x33025d953a72002962c6bbc7557ffbbbad263706c41ece28c2a4b425068977f0,2020-05-04 00:00:00
0x6246a90611942ff90c34422377472b40096aa68a69f3dd295b57bdb9708d7c6b,2020-05-04 00:00:00
0x59aef3f1fe7390ca41b1a2f78e86130c6627d8aa06250b0838c03cb9c048bea4,2020-05-04 00:00:00
0x1066bc351658f907a84d021252461196205328d49c007d93b37d6d38808a19aa,2020-05-04 00:00:00
0x9c519f90aaad1dd7001e4ee970da9c8d23406d89a1fecfab464a0eddd4fd3d64,2020-05-04 00:00:00
0x0257496867acf425f75cbcc34af9845c5c8fe32647b715c4c81f5ee3eb696260,2020-05-04 00:00:00
0x4380c552955ec5779f72f95336f9af291ab6f598db20fe2947bfe2596eb7f7e3,2020-05-04 00:00:00
0x3e58e5e0671de1cd4324108e1047b6b2d969edc8048b910d1c6c3b7e81315522,2020-05-04 00:00:00
0xca27ff4ffde8e79fcbcdf10e4059c86b305d932713fbf940fa4dbe1891c15e2c,2020-05-04 00:00:00
0x1b5eeb614f3c171964afeb2b1917c1fbf29f710ce93fd7e42472cca0fe36d5d8,2020-05-04 00:00:00
0x0160463ee1fc02532cc4199705a9895e36e82f3ba9412dc0db12abaed7c7f175,2020-05-04 00:00:00
0xde880989a19071e09fc2a78b8caa22154bb200feb96ded441c64308a994b203f,2020-05-04 00:00:00
0x29d7f972eddaa2926a0f35233a6ff254175abcccb5aad7af00718f7ade7b2f17,2020-05-04 00:00:00
0x9a4b32df7c93f50c91030ebb476ac614efaf07d050ea219eb2e691b85519d1dc,2020-05-04 00:00:00
0xb7dcf4bdb8598d5db2c9db67c1dbc302cc24e81cd031bb26e86838ddea50d86d,2020-05-04 00:00:00
0xe09b0b52cf10f2ef816a61e36e3c5b2f6cab76cb15d07c961df9fe6de77f05dc,2020-05-04 00:00:00
0x835258f522d7dd76ff36ded5aa0f08c85819e6926dd2a8a46461c723ea857cd0,2020-05-04 00:00:00
0x85d15f557464dc831f5b36da159ee28464760c12318e98e861d72b83191a54eb,2020-05-04 00:00:00
0x4a3cce3e151043380a5ed3305db5d7f9e646e966f2a578d5a3d4fa93cbab0a0c,2020-05-04 00:00:00
0x4c6740192c2041b4bbd47464916dc658bded6bc8139e8ae6ea2eac816e52b05a,2020-05-04 00:00:00
0x9bb39d2ecc6c92ec3add739475e05779d377ebe80029e4e2265dd5e8d03019ec,2020-05-04 00:00:00
0x17f8e3019a0383f62265d8cf8757345ef7c90d0c98582cdd2f3f84c76653f759,2020-05-04 00:00:00
0x6094b4b6dbb4627ba9fb69c37c7396e41d14517adfab932a2f56eed4173ac68b,2020-05-04 00:00:00
0x19e0fd9a6df4245a64c3adf7024bc490159070c364ffe11e67aa118b87ec726e,2020-05-04 00:00:00
0x3399137b496a85c942bacf3b4e7e391a0fe59ee54b3d8f1de743bad22d5965f4,2020-05-04 00:00:00
0x5b47b14dfddbe51afa62ed15c49f166e170079bb8724d709c35ade6428bda938,2020-05-04 00:00:00
0x708bff42fc96a9680f416a3ee18ecf857f7474cd9235d2a561c1c07490201223,2020-05-04 00:00:00
0x2291035634ea330024918dcf2031d8b52354ea7fb69fdd7138c8926ccea697cb,2020-05-04 00:00:00
0x9c8a060ed9b9e57caf46c2b49c9704e06df1c532738a515bdc7e221e1103f97b,2020-05-04 00:00:00
0x0e399af36c0d260897a7e2c50d3d9b5f11380750a056d1ad59977196a8b3e3aa,2020-05-04 00:00:00
0x2c39940605d1c93707453f364a7398720d03044edf0135f627d7bf0e9dc313f5,2020-05-04 00:00:00
0x15d5c452414cee800d45f25447440bae03c17cf6f75e376aff4d7b4206c180d5,2020-05-04 00:00:00
0xf114f28044000726f9fbe09803d712972f79b4d11fc6e99e221ce3fa4bda149a,2020-05-04 00:00:00
0xd40b6562bda0c1871060247a252d3ba071d36ba2c3ec677a3a855d00e68140f8,2020-05-04 00:00:00
0x14b8e552e359108ed1d6bd00f415572b8b1acf7beb6fd6894cb298d5d9cf3db7,2020-05-04 00:00:00
0xdf3b1a884f44a8c42e1e223f31e0083fdb53307387193f3ebf89712f5fca1c82,2020-05-04 00:00:00
0x028526e6e7427c9127cd4af0d04c0f918fd6ba3374b0cb7a416485f28f15dbd6,2020-05-04 00:00:00
0x9257bf4a513e60e121da309096e911f823e159173fda37e1827cc399a6559d02,2020-05-04 00:00:00
0x0798efe17268bd125efcc5f543463ed43b12ac27e27821b083db6d0d3993da10,2020-05-04 00:00:00
0xa4687f2de0cf40f1c77cf23d616148b63fd7f2f59d4c88bb8aff42cd8c80dce1,2020-05-04 00:00:00
0xf73bec1356c3db01275c1887dcbaed967d165b0081451139b7d5056975117372,2020-05-04 00:00:00
0x9aa1d3b87750313be55f822304064f8a53651586a278cf0ba3c72b44c56a9e80,2020-05-04 00:00:00
0x4073c939e6de2ac25672da97c740eeb072742dffaaf9576f7a909faaad4e71be,2020-05-04 00:00:00
0x4172e8ea98dffb7e6e61cbe5b61f84465b85b64585eed169c0ce086662612667,2020-05-04 00:00:00
0x090f102bbe111ad5b6659a38ffee306dcfc72b997a7659fd31d0193e881ec20d,2020-05-04 00:00:00
0x88eb40cfddace238e3e150566030942c0e2eec080dd570ebc23656e0adf61467,2020-05-04 00:00:00
0x28522a953eda8254f52d6abea499175ed1f51dcea11d686c0570ccabfa8eafb2,2020-05-04 00:00:00
0x196410e1eb9e413b37369ec4dc82600de0d5f7e67fe954496d505eb35b07e979,2020-05-04 00:00:00
0x93839277162b36acaed0a97b2c99b67fc8db5299c5fe2f950aeff0c78eedfc53,2020-05-04 00:00:00
0xfa0961b451e9c08ed6266a37615b136821d615fb19cae1bd9c005dfcb524278a,2020-05-04 00:00:00
0x939c3c1c4c6182b085762942bf6497b85117e68f6428b01cc0fac403c36aee79,2020-05-04 00:00:00
0x51690dccd30d57e5ce1eb36bf3a3f42c3fe1ecb853a7ad785db635526f9a04e6,2020-05-04 00:00:00
0x20cf07ea0e05bf53669453712c00f70a55a6fd1e3fd9fb52467682eb572f0ea4,2020-05-04 00:00:00
0xe4be09279f2d5f77f4e787737ce3ac1d3197dde029459e6718705bf0532713ea,2020-05-04 00:00:00
0x1c24fff5d6b410b3ec3848068bbc9812b46fad6b13a0ce2f464725538e2974f4,2020-05-04 00:00:00
0xcae734344731c94d8135f04434d18cd6e6a19bd238dfd47f91810c3eb527e59e,2020-05-04 00:00:00
0x9a275d67749492822d5311aebcad6918261f5bb5843d4eeae9a3fadaf2ff1a52,2020-05-04 00:00:00
0x033c843500e549fc94f89ebe8f93f7918b8c90453de0856055b32eac80df8f7e,2020-05-04 00:00:00
0x1ec39e189350814ff85a00593a0ac07ac15f7616887cb217c969ea825578c96b,2020-05-04 00:00:00
0x03f8b1f49bc08af34a9266482b2ef38842c118e0853574b39ff90e5738873c9b,2020-05-04 00:00:00
0x1da32752c13fbf08a5e604b9a8b085c95542a4f30a6bf6b066ed6fec618e9d05,2020-05-04 00:00:00
0x3aa5175072b3fe2b6b089eb72a090012d8484b53908fff4fafa5730299bf2c88,2020-05-04 00:00:00
0xed24d1d25ce5f8af3d4b4f82f1b61a199e68e48dc0adc264ea8473fcb79eb7dd,2020-05-04 00:00:00
0xdc5a3c07e9f8781fce56fea5c992d9971a58ac2b6c0e964a6324dd67254249f2,2020-05-04 00:00:00
0x59e62a0deb2fc392b05da81f97b51359ad0349b34d03844640bcfa29ef0b2875,2020-05-04 00:00:00
0xee6b0dce893603456a45b9cf944c66a264b23e0b5c3a8ca6146b2686b2475c4e,2020-05-04 00:00:00
0x39a3ce739711088ea49c0879467f7233281017162496b5796a22c24d3870cf48,2020-05-04 00:00:00
0x0ece48b8164981de249aa4b25f209ab5d52bec9383564b15fac19d16ff8c66c6,2020-05-04 00:00:00
0x4e22ea4f159f15f1191ccc09180f3979879228df9ee46f6fcf79fc8069e7e70e,2020-05-04 00:00:00
0x448b7932d00a14edf16fee983eb8e9084ca9277adfd299fbf9bf9c0a9c113597,2020-05-04 00:00:00
0xdee40384017afcf6d41fcca61912f5cbc3a7380dfd61eaf03b1aca98426f9723,2020-05-04 00:00:00
0x170cbb5f41d0b70ec16829f9d71073bb2939f358cabfa73a4f6b94c9f56867de,2020-05-04 00:00:00
0xa90c730eba70da9dca3f0d46ad2f5961e8c82f20abac2db8b2c71b4d62d619d3,2020-05-04 00:00:00
0xdabebb5d80db1fc750c50d4141d33bbb8dc3d2e4c022b493ef0b3699a7446a57,2020-05-04 00:00:00
0x5b95d9a9532a7444d617198b687cfbf8a3e5cbfa22e35bb29bc3219cb7dabb27,2020-05-04 00:00:00
0x14fc179abb9e1e7ff86c0c3dd51660c3dcea0913a2e5698fda1b8041e16e15ed,2020-05-04 00:00:00
0x4d1e089bc3e8e472a6a76270f4946390556235c1685aaf02f38cc8b67d3817f5,2020-05-04 00:00:00
0x727f0d3f1b699fafa86129d410d65c0ecff10da917c31c9797ea71b270146105,2020-05-04 00:00:00
0xfa94fd95afd5f2aceb2071a1fa9069f89f0f3fb8936cb0f6ed3efa868f7c9859,2020-05-04 00:00:00
0x6d5066edcac81d4ba90845dc2e5801db567e3ddbec6cec1d4251b72f1d72d035,2020-05-04 00:00:00
0xce04bf045dfacef72ad6d06ec674c0fd0d731689d56b3bccf69d5fcd47d3286e,2020-05-04 00:00:00
0x0173320f1d11e9e81b08cf7f5308590b12a512edae53cfa86cf6eecabaaf5a8f,2020-05-04 00:00:00
0x105a3a04eb855a0be3e9439240ad0d1995839cb2d247fe2dff0fb2c667ddeb4f,2020-05-04 00:00:00
0x88ce1c75ade5f092dd70f7a886a91ec8982e381f9c8a26b715a49a1ab6ec9e46,2020-05-04 00:00:00
0x4d600ad14801d813e8d983354383203c686c8b86032f55dbfda509903230b723,2020-05-04 00:00:00
0xcb7493b98c3a6324491b3717e223d2f61b6fde336cb2a37e028e9d92524172e5,2020-05-04 00:00:00
0x447d3ae01b174e10065046bcdf3b2f716f8de0f576ac27cd2b9859238f5cb936,2020-05-04 00:00:00
0xdde9fc9fa5de6e16098e899f65e9dd33607d3d0bb28c7c22a796a5312b421e7b,2020-05-04 00:00:00
0xa61bc1c368e30020c3757ee238beb9622b2ab20fa988ff28ded074c7a5313a7a,2020-05-04 00:00:00
0x409a9fdd4d14b5b278e978e07a94a28937a950f89f73bf4dd296f36298217f57,2020-05-04 00:00:00
0xc78c43c14d6f7911aa29a3d8bbcd09d8e1e24148e0019795a21d06c4da4de737,2020-05-04 00:00:00
0xe030646e485228fc5737d28aa855bf1a831a2ab3856592472b1b4338fdbe7064,2020-05-04 00:00:00
0x0f31618447aa0c5ee43874c76614563ed443ca386f8f1c7cdd01c2a55c1bf63f,2020-05-04 00:00:00
0xd20f429e8ddbe195b3e8c0977e45768e9c69213932b9cc6a02155b2ffa68057f,2020-05-04 00:00:00
0x6350e10d0551d97bd66e3412d3ae3288716f386a85c4ba74cd8d8004fc0b3c22,2020-05-04 00:00:00
0x7518ddf841b3bdae55d0ee63d18503fb4d7149e97faf042e80bd1e3064036ae0,2020-05-04 00:00:00
0x8697e555be71c29f13961f6b3516635f17bc9afc2fe48ddb9c15a5aa2de01215,2020-05-04 00:00:00
0x7b54243683266fed170f154ed79e54b14f3ceab43bee2831afb17793815c0b8d,2020-05-04 00:00:00
0xf1dc9b3c0ea6e0470153c08f56611cc15d4f9b8d9c696f1925f10f952ba119b9,2020-05-04 00:00:00
0x495a4332b89073b42560b6f58268f34900999643d21325d0f366205c4b6c2039,2020-05-04 00:00:00
0xef4105b0c72b37a8547195a3f97e7668208e47f55056e3010abf543d54581dcf,2020-05-04 00:00:00
0xbe7a0e4182b04098d0bbbe29c0fee63794727873bd5b5083a2615621dd58aca5,2020-05-04 00:00:00
0x720e976d9355ff492db8f3da9a4397440e693e3002a46ac2123c61f5bece4bd1,2020-05-04 00:00:00
0x69df45dbc351046b9d51bd684afb8385607860278c6ab62c88d9f2cc7ea69343,2020-05-04 00:00:00
0x75c921c1599468e5f4bb3bc661844166eeaad4fbd7e3b40f165b15ca9d426f19,2020-05-04 00:00:00
0xaa1f84709b6bf70479ef6a0d6af0beb38620d13240f2b23cd2587b932b272b1e,2020-05-04 00:00:00
0x6508ecb7e23928891f434b14482f32697308a85774922ad9de9a2da60159dac6,2020-05-04 00:00:00
0xfccd2ac8bd66b12d10ba008a142422716a9fbe573ac74f0974827bd3e9d47e82,2020-05-04 00:00:00
0xf12a35f0386e5a8c5741e56d8cc8df944ed4b34f22f2905767f2913a10129c4a,2020-05-04 00:00:00
0x99beb32248b00bce21f524a690e136da86e97b10a1f3b9fc662883fc6d02a3f5,2020-05-04 00:00:00
0xec532dfecfee96bb066dd13c2f03315b8475383ed3b9299995f2a780ca0b85a3,2020-05-04 00:00:00
0x9ed3870e23a509b7865f75e893f6c082ac16f51a6d80bb70c040b55cd4104e97,2020-05-04 00:00:00
0xbacb0404573c26453c1ce190825fa9abdc6bcdb082a97fa3446da632916dea4f,2020-05-04 00:00:00
0xd9b376a972903d6f6808b720aa75500b48416948a3da5e5ca4fa3654345d3b6f,2020-05-04 00:00:00
0x52940dc58f6e9c34b92638f3f45cd229c28233bf239e12be223adddac9f7925d,2020-05-04 00:00:00
0xc052368edb9e05ded1bff75d96529f019b39c952e72a2c6cfd59ad3e36c5922f,2020-05-04 00:00:00
0xd22648ffb207d7945dcdf3d31ec69537f415086900452936b91cd01f15c279b6,2020-05-04 00:00:00
0x536ca93e51bb7c9286ed245c192e65036dd42c1e08c4c213517958a31addef75,2020-05-04 00:00:00
0x9b5ddc8f097c5586cd663ac9ace6e73736953d6c025e24c2317479908a1def1b,2020-05-04 00:00:00
0xaba137209f64d1f7e2c7b87f97ba6fd68af74177fe6d5e0a34a303468c036b47,2020-05-04 00:00:00
0xc6a205bc846f2b30908db5199e0f5a381b09b37aca0a8a61c8803681bd56d398,2020-05-04 00:00:00
0x1afc695553304cf836164405fcc9a2a044bccd3537a2c8bda73e62149f35af6f,2020-05-04 00:00:00
0x3f5adf529f14f740089f8a135d3bde5cd97e5fa90dfa2946794495d1e809164b,2020-05-04 00:00:00
0x3eb1e5e35a1b6862d4146813230652bda1458796b6e25b583e19f98725d51279,2020-05-04 00:00:00
0x4a33f2230abfc4977af3080a28764ec67646ccc0467b300f1ee78be104a66df3,2020-05-04 00:00:00
0x2f4264e8f9d8b484f247e4cbd27ff931312e6b7144673a7d217c2551fc169896,2020-05-04 00:00:00
0x0b48b24cc0a89ff51a875df058310f3ede2cbb3b36ae2ed315c7be7feb6d5254,2020-05-04 00:00:00
0xb4833b9af7f3f11720a57cbda0e8b39b98365f97f7bee1be764d69a3e930ff2b,2020-05-04 00:00:00
0xcc923c1764426f470efbc96dff3a52689775643a13a80684435e0504e58a671b,2020-05-04 00:00:00
0xf92b093e490b8eb975602c4cc6ab39fd580fe640457854287d39297919ea7b7a,2020-05-04 00:00:00
0x60c512c292e3d3b6dbcfc78396b10b5bf3e44f5143936dcd434f2a1bd0701c74,2020-05-04 00:00:00
0xf3c9bcc3e7f91930ec5e671f689231c54b3cbe45318ca887ca410256cae6a34e,2020-05-04 00:00:00
0x2a0b61d96486925aefe4d1373de26462fe43ccbe634218f522613f8fe52a26b7,2020-05-04 00:00:00
0xdc500ad399c38d8251de020b35b62a4ceb21e4e51b6d67cb9417b15e26217483,2020-05-04 00:00:00
0x5fdea5a3b26fd0cad756ed5b4c1aa29bd844b36ce5749d235d453023489622c5,2020-05-04 00:00:00
0x8d5ed16a80ff0fcb3a0e1cb7c60e1b529698880b4a87063b808041a495263a45,2020-05-04 00:00:00
0x1ff9531ac5ede4b80c6b2c381c11988745bb223458d515e8e8dd1b2a2531c96a,2020-05-04 00:00:00
0xdf0b5fd757042603411d0b6d9b2db74dc0a8d5b4c7a2af21080919959b134b03,2020-05-04 00:00:00
0x77683536d77df63a56a83d53ea5694d491c55f6be50c6c843b254e0df23e1fdc,2020-05-04 00:00:00
0x35e9cdc0562417cda1a5332d16fa320084083ffe4e40a69792a29d727a4b04aa,2020-05-04 00:00:00
0x3c23c82a2076f0494accf1fea090f32f61159ea0e3da148450ca174d89867408,2020-05-04 00:00:00
0x05536c0a5f7d1a7e1383df796582773cb0cbcab524a4be993ff75b41bf7b6df3,2020-05-04 00:00:00
0xf1bf256e2d09bbad6c2a4c1330ceea12eedc6c576bb9f1fced859ec3e3779d1c,2020-05-04 00:00:00
0x68c42612747f8ff9dd7c9b6001c8fa56177821b5f96517b23c698111c63b9b2f,2020-05-04 00:00:00
0x2ec41cb052c552159d02a484ca70761f06eae6c58fbbd1c7da7019aea04f39f8,2020-05-04 00:00:00
0x9a309a1e9c7be6035891b277e2669eaa34e856b4098a7f2a6b8d2cd89972db82,2020-05-04 00:00:00
0x9edd0c2ce298179e969aaac40675ad2c5300957a2127bb1b6d9cb33995560b72,2020-05-04 00:00:00
0x3d80c0986194f4ffbc1ecf47b0a6438a5db2afb781ac7a694f01cff3ebbad273,2020-05-04 00:00:00
0x05cc9c730b2da13298ff8335a7d2a6a5bee6f0fb6becad6d5b0448274b6adb73,2020-05-04 00:00:00
0x9386cb2b77e230d096b538a07b0649d55a70f0b202216bf1744ac9ccecdc1d16,2020-05-04 00:00:00
0x12889c0a949416884bd11856cb476db2841249be8309185beb880a707a67e80d,2020-05-04 00:00:00
0x1678aa5cdb50ee054cc70983e17cd0fc8ace0076eeca5e018313d4c2f82c8488,2020-05-04 00:00:00
0xa02d638a22e22c3aed98284f75ebca9960dbae4b923e4201cd64e33410bb8a13,2020-05-04 00:00:00
0x76528bdbc3459bafc9a2a4931c2284d3dd3e4aa1e1535e17f1a6feb16b63c0a4,2020-05-04 00:00:00
0x32e1d5e6c5421bd4cbf5ea833d565d24e205e09a21925c7fee6521b6ac421ce9,2020-05-04 00:00:00
0x9cf79bae034f4a2866afdbf9f36222c087d349e6838fe8d171b9dd2facbb9ade,2020-05-04 00:00:00
0xd5ad94cd5b85df9cb6b48979f256353fa7b9f017f50b3c2cfe5ef602a9edda51,2020-05-04 00:00:00
0xed75be313068202f5156136ca23b5196582ba263f896af5b0ce8d5ab2595f6da,2020-05-04 00:00:00
0x4e8eeeb1755acef77c24e3ec2eea19104be311709a595aadd1b61ea95c632c37,2020-05-04 00:00:00
0x9199a02d6de08efbd5b81c5de7d0ff14e0b25d8c2230821c90a326cc353a9ead,2020-05-04 00:00:00
0x2392d92d6d593c6eda0c6e33b4efbbb5ea14fcd3ae5684fd4a9ef6fbf9d949f4,2020-05-04 00:00:00
0x6f7b5e07af3cadea63913088f10c11a9af8fab574b0f763d8a86aba5ef1868ae,2020-05-04 00:00:00
0xad22806fdb13ed7be8009fbb62ec2bafbbd7ede1a7aba2dae3cac57637aec7d1,2020-05-04 00:00:00
0x99546d749ad2fdb63f4e9594b9e72e330c12abf424bfa58ae1f8c6fec5644bd2,2020-05-04 00:00:00
0xb97e6d03c01e8dfca6792f06939041b287e6b2c82f71978986f2851543a29edd,2020-05-04 00:00:00
0x92f3f06be6f8bccd3abd4493daeeb80c0478bea933795d3c19956d9a05d6e691,2020-05-04 00:00:00
0x742207ff1f6da64666fb5353fab0d5fd99db389951e78ee29ca6eb553319a252,2020-05-04 00:00:00
0x170201dd19e029e4217dcfa19828d82603ee4f732a11963772d99e7dbf4f141a,2020-05-04 00:00:00
0x807c2ee5b06b6561f1c52f003792120780d9bb7d3061a0e993991e8a5f9ac667,2020-05-04 00:00:00
0xb5c25c8a966ab12c0507865f8adf26b4f45fafde7fb6d65db2ef4f3eff350109,2020-05-04 00:00:00
0x88b4796db516229ce30eb82c053e26c60b26d5cc1106bacf9e7b57ec2b9496b2,2020-05-04 00:00:00
0x0d03229fbdb777598e4284cd1e016999157bfed407297241079b93052a8243a7,2020-05-04 00:00:00
0x0991f74201bdef2b4fe4be351a622c457db7750fecb35b3693c7964ef3e3e11b,2020-05-04 00:00:00
0x86ef62c30f219280194ea13c3b6000694ea0a7ccf4f0873d9405c87fac02d2dd,2020-05-04 00:00:00
0x2e9a78b110135fa150d7b17ca371897a92362218548ffaec1e9ff56124ed0678,2020-05-04 00:00:00
0xd1b50835bba35268d695d7ca94723972f28f582eb1792446c64c540e55f22f48,2020-05-04 00:00:00
0x318ee1f0148625bf6881d4abd00e16707254d504d0e91f98d06b26cbd588323f,2020-05-04 00:00:00
0x4c218c79a73fcb51950ecef3e3e1854fdd91457207e66de53eb10ffaff7c17a4,2020-05-04 00:00:00
0xcd69cbf813fec15527a0c6c586de4d7a0e5685453d6caae6e32765e9c174f079,2020-05-04 00:00:00
0xd7e46a4e87aa9b8afb2f8a86af627df9e3d59d8998f4043bdff5e38ce2602a96,2020-05-04 00:00:00
0xa71eea9785e95d4ae2d242fd3821c5e73ffffc31fe95bf84f9c09c2135e771b8,2020-05-04 00:00:00
0xd8db39a6970fc431012b6ced04b38445289ab29a9ad6edd96123e752f97402ee,2020-05-04 00:00:00
0x7a638ab0bf2e546b82b1d4990a5ff74c06ce36fe6a2edc93751eec74954e9497,2020-05-04 00:00:00
0xf4161aab9ee687d685eb25ac40294493f10bee665b96f57def67d5e857e6e6e1,2020-05-04 00:00:00
0x3a1e1a66cf74778da08f9efa965b31cb899c2bd95c3b8dc0882bf5ea82cf20eb,2020-05-04 00:00:00
0x82ab24a8adc8c6f8ebbe3d8660d97fddb8e64f2741cf495fd0a0e73c04ae3b14,2020-05-04 00:00:00
0x0ca9ddecdfc71b24faf506b03a67a84536eebf9e03ebb56723a050ea832153ec,2020-05-04 00:00:00
0xcae7682d32cd9492ca81d2d87fec31bfea9c32120e8fac63c2b442fb8bf5b258,2020-05-04 00:00:00
0x3b1d3c34e2082525a9652c0bd362a8ae6a40842ab19038a49461ffd0dafb9cd3,2020-05-04 00:00:00
0x91c91b2a9b68959cba5e751c5d7b3bfc41e0a30f7c35546b756a9f7c139ff397,2020-05-04 00:00:00
0x87d8320030787a951ffb7035113b20814f594fd9a59022dba45c1ab54cec9db8,2020-05-04 00:00:00
0x6018804ad6003a844c07d2b25e5f993b1b0c503a8a8fae6950ee19911885a516,2020-05-04 00:00:00
0x1e91ed6dba38afae00f5f97ae65b4e9d9e5c4434e30a131b94ec50399b38d4d2,2020-05-04 00:00:00
0x8013e943d4441cc1e9f3e59ad024a663a07c8bb464a2fce02d864aa96e8fe2bd,2020-05-04 00:00:00
0x97301d3108a99eabcd940e66ad0715773c0a6287efada24750572706ccf80bd3,2020-05-04 00:00:00
0xca32c6efd52226c663a9ec8ba7074bc889302e53ee58e5d4136593e3255c1718,2020-05-04 00:00:00
0x15a188e8c4a0b0eb21e9e1ce518b1c2f3994562cc4e2dd641eb8b08be1919f31,2020-05-04 00:00:00
0x6c0d35a6dde7a25e4cf3449bb795411829a9d782ab7aa07c224f9347458d6b9a,2020-05-04 00:00:00
0xae02d6d2e70a191268ed0f893fc926989eb2a4c837a8bbfd777a7ef655fe53ee,2020-05-04 00:00:00
0xc6018eb06e0e086bfa22a6bb01f56f2a68b2d6b3ccbc6cdf8c8f49b5d886e995,2020-05-04 00:00:00
0x8107a803e7dba098a43b153b5367487be334f698a67c5e0216804578308833f7,2020-05-04 00:00:00
0xaa24794fdd1bacf4e9fb773a43a4de50a0509dc3885a38356c967b7b91828438,2020-05-04 00:00:00
0xfc74e5cd88da0ed8a0ddd671e9de4051fcff5cd31df5f21fe07ae834ab3a53ae,2020-05-04 00:00:00
0xce797ed45161bcc84c3d9d550d900dd64a49580bd1fcf08ad6992614c4ed1586,2020-05-04 00:00:00
0x3d9ac00e0958fb01ece18212855b96331c2f2d0146bda000beccac27f59b108e,2020-05-04 00:00:00
0x12e33db670334e4936e5159b804befe80fccd0f73d66123f972693bae045ead9,2020-05-04 00:00:00
0x3c732a4789e1c8762406fb95b843f0b4ad61de685cb67d0a54a844e590537d7f,2020-05-04 00:00:00
0x20eca06d3c5a78efe3a4a6997c90f785278314f3ba6fc16dd4b40306373ad99d,2020-05-04 00:00:00
0x9162252a1e4f449f0af747d131600bf0d139be9fe44d3cc2abf3e79dc1ee4c1e,2020-05-04 00:00:00
0xe910a1de9e067ff1d602ef65c6d46b529c9fa49fde8701e0c18965be6e326602,2020-05-04 00:00:00
0xe64a2648e5360f881a53b00318cf8268db568fe940f3bf4f28bb5e15b3c3dbf4,2020-05-04 00:00:00
0x4ddedc6147e4e9ed9f02ca993f13e9dfcf38975396aa37c9fdaec484d1fdb154,2020-05-04 00:00:00
0x1444847b3b86b50ed7cd49f57698e79a70acdf85ee57a4c30858fc06167aa2c9,2020-05-04 00:00:00
0xa98ccaa891a93aeb3bfedee0db9fefd3b065841f5aac60e348c03ccc856c6d44,2020-05-04 00:00:00
0x6d2d6f68b05c0a31e6f13e03315ae0c46ac6b338ad497a6429ce1ed5b613ed92,2020-05-04 00:00:00
0xe460532aa00d7a4b35027c7061d1897769ec1ca5b078f1e9e49e3575c65bd22e,2020-05-04 00:00:00
0x81d4f1fb593c31f9da48b052f4c0b0cd083c348fe8dd8cf87255e6552b3cdaeb,2020-05-04 00:00:00
0xcf9cbdbafeab9cd04d61675ae6404e921143d5e5153852e71edfe560820b708e,2020-05-04 00:00:00
0x40b2825b6a6a23dcdfccd9c76ce1fb0ee7fb0a0b7263cdd2518319c827fa7752,2020-05-04 00:00:00
0xce9bd4e2318d2c7e98e116203ae3dafb2a67bf65267ff3097b5438bc901fd02b,2020-05-04 00:00:00
0xc9a1ac73d340e856193d15ec00172b5c67706999b10f73a56d2b05f285f5982e,2020-05-04 00:00:00
0xb0b5c17a9e6a63ac6720b8143ae86bbfd7e829d9d319c9665366b521b92d40ae,2020-05-04 00:00:00
0x820bc060b48b89d628211fced8e3fac4187e5d8e01b11ded17f898f24f19e147,2020-05-04 00:00:00
0xd235e8463ba6cf56588582f7320b12ef73bb831a97fcf822b70babc14c1cd56e,2020-05-04 00:00:00
0x873ee0a3d536ee9fc986fa6a6235ee1f9e97a896aed02851b22caded8e9768f5,2020-05-04 00:00:00
0xbec94de6ff868246883a61a199458d79c5fc7dd69f5571a263c836b0e66a6428,2020-05-04 00:00:00
0xc1418f622cd1a9b032583fd7e823106f1f7db9e59130332171e4bc700b7f8109,2020-05-04 00:00:00
0x044cdc6151c81090c211a5effc7acd73641f3131fa96b8be3c06f7723d7e94be,2020-05-04 00:00:00
0x3e4529f0b158c9968845f67262195b73e838a24f88854c6652d1631a009680ad,2020-05-04 00:00:00
0x4d3933bfe298b97c8e65cc7cdfb610fbf90167b4482c805e8b78df49a21167f1,2020-05-04 00:00:00
0xa4445145fc9681fc6cfd80195a698249744d004da5300efa1de082570d0d7cca,2020-05-04 00:00:00
0xbd38ec81b1f8f674776594bd037669aecdb7d19f9dccd367e96e5d4b250537e1,2020-05-04 00:00:00
0x942feede5ee7a619f644d7b21f0509eac20f426efa23fda2c543de4449a3e2d3,2020-05-04 00:00:00
0x1b677fcaddd04d7acb3310c84c8977b9d9d3949dd8f0925676c4b8fe4d43e009,2020-05-04 00:00:00
0x41536159b23318f16c1beb1a53d69f01994603c8d9c465fd27af27934a07caf9,2020-05-04 00:00:00
0x26a3260f72655f170be7f7d46e843a63e01a36e18376bbd8e060c24a8ae359b9,2020-05-04 00:00:00
0x0e40c36c801e2e3522ca9e8b007af3d825ab7217dac4a6f1e74b8765fb43894b,2020-05-04 00:00:00
0x0afa7f88c155c279fe49a2df8f30dc6fea24232476bc416f283601858fe59726,2020-05-04 00:00:00
0xfed50b007a1580bbf29415ee6c4256e229a3153ea164b22a14596a1be0c22e13,2020-05-04 00:00:00
0xbeee8f5fe73e0f57766c7528902de7a1e017cc4166ee685f1334c183dd4ee579,2020-05-04 00:00:00
0xfa5e1c380959fed9fc714692cf2a12510bcfe2517085bd7f41b45f844b2a47cc,2020-05-04 00:00:00
0xe647048b9c5d434fca47153f961ebe510eb7fd5a3d0533c49f1479839dfc57c3,2020-05-04 00:00:00
0x4ec72fc90a8623d2332f048c09fd2e1f98f237a39c19fc56593faaf0d9345510,2020-05-04 00:00:00
0x7dffee850146a3edc8aa6988d0e7af625507db04190b2d656af3692ea0f76376,2020-05-04 00:00:00
0x408f3ac08a32dac8937e14159f8e7527bd8fb0693421db0cbfaab3ebbb1c69f8,2020-05-04 00:00:00
0x21bf3d8601e7404c3a47aae0c90f9b25c05922df7c0f89ef698e2ab37346953f,2020-05-04 00:00:00
0xa67e2cfb7a3c94a5238a9ce8f772ed863d498521d37bb0142b4a7abd367ef93d,2020-05-04 00:00:00
0xccc5617cb1cb49af0e2c994b346ad84b4d377c8a41fb00021aaea55f4e719b5a,2020-05-04 00:00:00
0x7b8e11c5d05794cfd39d58eb88e99d73284848299d2fcd215acfbb45f51661b1,2020-05-04 00:00:00
0x3c87bbaeb52f73afef15e358cb772a9c34a0b90c7a9c3389bb1b1fdcf01db6bd,2020-05-04 00:00:00
0x518321316a9ee60fb226c098ac30127e3923044a6a660cf926eadbaa13b4cf77,2020-05-04 00:00:00
0x1f026473dfa7b4dcbe769818acaa52a100012d9d3ba31678ea412fd96d11f8d8,2020-05-04 00:00:00
0xab506f98860eb673ddbd63e4c1351bdfff056d722e7e638d7820c6178f187c98,2020-05-04 00:00:00
0x15533f575de1cf251ec95d105ab384f8f2a69e171f4181f251b0f2a28a2024fd,2020-05-04 00:00:00
0x4fc355e31fc9b7ea3a98dfa3235a2dd99b0a3950d9cc526eb1a22b229afe10af,2020-05-04 00:00:00
0xa60f8212188cda0b22161bbc58a4ad4acdf4534698ba612464de16fc1a3fded0,2020-05-04 00:00:00
0x2d550fdda8f0aac65040f08a76944089858b31c93bb0243e5571c31814f60bc3,2020-05-04 00:00:00
0x8abe25ff48e5d524627d53df56788e7ac5bf2f247086ef9b7267180d97c7a24a,2020-05-04 00:00:00
0xd246f2bf434c53cc4113d59c2e2d38a1216814a68a2f9c351339009537c37928,2020-05-04 00:00:00
0x2bf711c1991bc88e2dab3260ff967d98be9da5766ad64aef042018fe7dfc8d99,2020-05-04 00:00:00
0x659c34062e7324734fcc687ef76169d80ca416af8e47d41fa4a05a96e2fafa99,2020-05-04 00:00:00
0x2d00fbaf84c78f72ac66b71d1d53bd8a70b963f84a9bbdbfdedae4d1183415cb,2020-05-04 00:00:00
0x0cb487d2eaa85beb77056c576ef638e7e4d4e4464d26f9a750d53d6570cc6b57,2020-05-04 00:00:00
0x23be388b64ec7d9c65fa93b24e8fb9fe2e1c09c0c691df3ec936c9b00e8609de,2020-05-04 00:00:00
0xbe055e61fb8016d6d84aa1ca4aa7b3cfd1acb3a495ecec9188aec9758ce89160,2020-05-04 00:00:00
0x8030a00f6f9d139385b4a4d375d13fd2adabc492d1b4d7ae23931371769a4b8a,2020-05-04 00:00:00
0xd1116565c7c9b2832b434b4ddd8c532a51aa442028180b229eaa71810c065446,2020-05-04 00:00:00
0x51082b45dd050465ed9ea21898ef38432493b669ce8226f225c86f4142f4dece,2020-05-04 00:00:00
0x300d74b9218e7f5a2bd3e3b2e7793a43eb666bda36e5e8577f78f62851e516e6,2020-05-04 00:00:00
0x915ffe6409bdd9ec0f985d04e8a412e315dcc64d67ef69dd0313d57b9b2af5ec,2020-05-04 00:00:00
0x0dd67668411c9a0d6af50510efd1f8d738c664577e1e097fd94ee0e610cd581b,2020-05-04 00:00:00
0x26dc795cd36f45e62979dd6c22e53e8fb61666b947dfcf9017ef95256d19aa3d,2020-05-04 00:00:00
0x2183201ea2866e8d2860526df26f47ddcf753c6d04ee17804da1433e1762b2bd,2020-05-04 00:00:00
0x83e3715e9707eda05594fa02d1dc49529a93df634c0f4f7ea0d634a0c471f332,2020-05-04 00:00:00
0x2d4b40cd401d986253be3c4015a92d976d10b619758d6e502d7b2a5719283969,2020-05-04 00:00:00
0x35f7814ba88601680d1271cfeb5995380c891d03dfa6b27d80169b29af0a9a84,2020-05-04 00:00:00
0x8b5b1a9db04a37d54ac68af299d1923beb4b5d4e140af37117359f372d6fb57e,2020-05-04 00:00:00
0x1e602c2404983ef3478a0ecd0e52cf8e936ecb6ef13a4b663599c70611242c4e,2020-05-04 00:00:00
0x56dd065c65a1e91102179c3e86a44203f523bd848bf207a68d84c57b1fc2a33a,2020-05-04 00:00:00
0xdce24ba79bd85f433001913cadec7252a8a93eef8e24158e96aa96e09e1c4a90,2020-05-04 00:00:00
0x59dc9c7fd31c95c3f73c69197e7cf59ffb30e109e1f095b3ffc1f0a69296fca5,2020-05-04 00:00:00
0x312985faa257a74496e35b737065bb2ce3283e4d5047c78a048d01ef1866b7ce,2020-05-04 00:00:00
0x00731159dfa38a8a61d55074a91f8297c4406a2fc0e82fd1a6ca7e767a244135,2020-05-04 00:00:00
0x215ca4c099bec4fc2e085796d2373a37f145c35f0c130ee2e20bc46959e8193f,2020-05-04 00:00:00
0xacb818a048120fdddfa3b8e1414039a04117b650709cf377c436d7de4b5ce459,2020-05-04 00:00:00
0x4873aed69155d009b1115d3418802ba070fb65bdf90a87617263f63903ce95f3,2020-05-04 00:00:00
0xb716cbf1751036ab537de220b99632d89a856c55b10f939917cf48422219f08b,2020-05-04 00:00:00
0x37087deced8d16929397d13cdf8aec5f0cf70cc9feeb81e37821286ef225e26a,2020-05-04 00:00:00
0xed8552eb414ba04d1adfa80d7049c8cbea92838c794abe6b87ddf79c9a1aeaa8,2020-05-04 00:00:00
0x3041befd3e437de0c7a85e65dd52ecfe30f86e6b01a1937fe2ca2b0cf5d6203f,2020-05-04 00:00:00
0xa2802fdc1201661d3fa5d237e3bf397954ef82379725ff430175fe6caf180463,2020-05-04 00:00:00
0x135082e08b97900dee204a5b11f3288273dff55eab1eaf5937e8f756038b5daa,2020-05-04 00:00:00
0xa68634ef94a3b1d1a664a364c8568c5e2982f65bea54fd1800348ebc7c6364a7,2020-05-04 00:00:00
0x409a0424e6fcc1540f9ed43c17f0dfd4efdd90f3ab21e12fb98f2ace3658235f,2020-05-04 00:00:00
0x8cab487bb8444a936a57d2b3d2c68715a7416d14bfc3cfa70913cc3252eb9a92,2020-05-04 00:00:00
0x5e19270b96f85044c94d3eabab7f878873be03bda8d2613bb49a9cc4a0217f4c,2020-05-04 00:00:00
0x983097d9643a5f38e3cb4a0873d3617bbfdc70ee9a7b16325fdf61714b8993e0,2020-05-04 00:00:00
0xf381d1283f07d4e7928eef3a1cf15d47dba1cbba90fc427d3b867301bf795fed,2020-05-04 00:00:00
0x6db7bb31888dc0b72c2d182f031b66e1ba04da3a7f1fa562627fcd719b36f99c,2020-05-04 00:00:00
0x205fcb1e737e4136b67126c40daffd77a0fb414b6d5f2f1b8ffa968db96bdff7,2020-05-04 00:00:00
0xfc12599649ae7c14daefc8f8e43879b2b0f809505f133a1961fe150774ec61f3,2020-05-04 00:00:00
0xe3b136a115102290fe97350a82baabd3baa59646e7a919a2ec425053b573e04e,2020-05-04 00:00:00
0x8059b42775c2d1e0d0602398098b7ecf29d3fd82624abd77950c0738dab707ce,2020-05-04 00:00:00
0xb346a534a49594ad35958e3e8232a6de3f28d93d7107556677f34298cc340808,2020-05-04 00:00:00
0x260158245b95c8cd3503354395441b5bc760024de9285322943233dab7ecb564,2020-05-04 00:00:00
0x4bd17ae0325fc6096a8a031ec6041bc0cda7a6f4eea3cb8d12fa12b2eb6c0c07,2020-05-04 00:00:00
0xc4b72d734afc2193e7685c784e507e1aefe0232957229db0e3361574bba0bc49,2020-05-04 00:00:00
0x4e33f25a574f68c9798bfa8e7eec9b49dfe7d19a6bb9c63bace6ca6ef44b6b75,2020-05-04 00:00:00
0xc660ced7abcebfd640fb4d7d6ef46b0c76493e1ed82e253f2c6d55445668c955,2020-05-04 00:00:00
0x5e424cf79c8487f72c76b2c3519d4633ab26db3a103a852dd080b74a4c544017,2020-05-04 00:00:00
0x9b91274ae084593170af71c7d69c34304417a28f5a0358bd9f8a0ab99bfc84ef,2020-05-04 00:00:00
0x04a1121f471508430fd9b6773397839e293ae043a61e63711a951e1cdeb1b7ff,2020-05-04 00:00:00
0x4fb5294a69ccd8b482bc667bea2507c663d0e999eb0dd54218ac7a62b5cca4a6,2020-05-04 00:00:00
0x50f6f1f5e22cf522f40d8153ae46b690dec84ab37d7208538bf865dbac3cd2ad,2020-05-04 00:00:00
0xa29573fb0e966f6385dd7d3764500f98f465a371ffe2e021154b3b51650d302b,2020-05-04 00:00:00
0xd63255dd486e46b28859ebb762a1955263b6870eff05a731ab8ce0b107a8002e,2020-05-04 00:00:00
0xd0b1a84469c36b8572bc53e1b7e668c8aadfd46c68e5490a39c589b931bc0762,2020-05-04 00:00:00
0x56375466b2f630490344e6939f9d1dba92d5c420fa2cb15d3ce05494bcbef9aa,2020-05-04 00:00:00
0x8cda581b314fea0fb73e521c53d026a9ee69854af646a5b3a0cfab4373ba603e,2020-05-04 00:00:00
0x50e43be2e8ed266067ad3ec126ce95d701707ce58ccc993c051fec6f7d8f7580,2020-05-04 00:00:00
0x63e8e93d210fd320efad4c0ebc7e99afbe23116403748951410edbac03950204,2020-05-04 00:00:00
0x71f2c8eb5c0fc8cc771f599b55dbed4be13a3fdc73b4177cffcf8a289f7d7791,2020-05-04 00:00:00
0x48473d60ff901ebe0732899f22857712ebad3acfefc4ee4de3b0d7f30bb55791,2020-05-04 00:00:00
0x2bdaf1e39e4b1108a9411f45c9eeeb726eab368187d04f095c287652fb57b6ea,2020-05-04 00:00:00
0x0f05ad44e7dfb5073e8866eaa7195f1c6869fbaff3c68d488dcd37ccde8ca12e,2020-05-04 00:00:00
0xc7bcb5985e291f7282124c29127046881ee284d19ea59c51fe1d98703f507c09,2020-05-04 00:00:00
0x7fdc7d4e6f19a505deeb9603078801a64903f05b79cc47892dab2cad43dead51,2020-05-04 00:00:00
0x2a3c96d7bccda1d102148f17e2bde31dfdf640ad3cdfbefda1f412008d8855db,2020-05-04 00:00:00
0xda011dc0b89ecbc31c6565494ccfc91453b7ee3db46257e341435160665318b2,2020-05-04 00:00:00
0xf78841d75643da10557725ca0c0d802e222e81d1b15fdee43b3f58950f5aa698,2020-05-04 00:00:00
0x848b9c503adf3bc76de8cc540c5b28f0a859c15c4206f5d6ec51cfb3b5ef7a45,2020-05-04 00:00:00
0x969eeb3dc4b2e32f59e339a89f840c3113346e2b5b4ea1f83cf9dfe40231149a,2020-05-04 00:00:00
0xc79a10981e3c40f246215eb001f0cd00e30ca1d054ddd5316f1d562bd8c18b55,2020-05-04 00:00:00
0xf5ea7782d04e5f8f19db35fa4f995bd690c98f62e103003405a5c38d8b96cdc8,2020-05-04 00:00:00
0x9212c9f6535a1c30b2975160eeb6844f5a549c252b487453e28fe09fd72f2f98,2020-05-04 00:00:00
0xd588a6b3902db7c86443dabfaf199d45dc862cc0ca51dbb33979635856de66bc,2020-05-04 00:00:00
0xe91d452fafd5a2c08102c01d228e58de3e0f0af3f02bf69ad05f5e16e2e0b1b0,2020-05-04 00:00:00
0x810b743832ee21a22c8d1e6dddd8e7ce60a1a51989360743b47866e2a506ab88,2020-05-04 00:00:00
0x05923741846cde1dd543cd3d126436ec723efd13314b942734032661520e7657,2020-05-04 00:00:00
0x3c5c28d94b42d740f8f1cfc072111cda772165360b152d058c4012509f1ebd7e,2020-05-04 00:00:00
0xe019e2fc3c21d8a733e88bf20e965805b9048b6597d66ab5d5d6f9cb223e5795,2020-05-04 00:00:00
0x11ede0c976b01c72ddba13f8240380bcb4d030152b0486f90480f298e1ca3169,2020-05-04 00:00:00
0xee9b710dc26774ceb2cff4cdaeb31b979c7ed9efa44e89977cc5f5f05f4888d0,2020-05-04 00:00:00
0xc60a6782c19a7c61dc2c902fc07950eeef6f015e3f87e920dc0ed3b96aa8e6aa,2020-05-04 00:00:00
0x8c541476e8e168ebbb826145dd16e68b4815f9c59b0118937be71924424cb9e6,2020-05-04 00:00:00
0xca6902d59c00c697dc9a1acf80a28365331e51ec4e4113a6a1dd71b137232619,2020-05-04 00:00:00
0x5a4ab5ce3e48159990bb7bef6f8c7e60660cbd9f8d9d5a2b4b0c9d2bcaa10405,2020-05-04 00:00:00
0xac865f3f82520a1d00dc214aaa602ea329565dd9969b1fafdb84627384684423,2020-05-04 00:00:00
0xe8d10e605f47fc99727b4fc1ebdc685e8c4f1917124dda0970c26469f57b993a,2020-05-04 00:00:00
0x526bd1fae94bc8fd1f96c90e631a7a1f12315be5be7b80a256fb6b2cf479b893,2020-05-04 00:00:00
0xccc4c502054004ded329a0de2e97955a6e61f731d65d8ea7b55388f78b575bef,2020-05-04 00:00:00
0x20e61298515d9c6f2bd8309718ec0a70b9051e530e4bc9d1e3bfadce3b559e69,2020-05-04 00:00:00
0x276f451f355fb9ae5745fa4a61528c76d2b7faafd4da2a085dc6a4bc6ce92ea2,2020-05-04 00:00:00
0x908a894d893edec37cff1cb7382421071a452ec80bb863fe82080272de4fe12c,2020-05-04 00:00:00
0xa531b88d5ce875166dbc3071d88d4fa4134bc195f401c94c2a49d1ff9b9e1f87,2020-05-04 00:00:00
0xc50733be5c6bec437944dbc9d9bccf910bb49892694079941b608559c19de28f,2020-05-04 00:00:00
0x46529f784273bde7068162ea3b6037828731d0d036a22de5279e1a230cd6bc37,2020-05-04 00:00:00
0xb37a787814e5bafd836289005485fafd57bfdcb67e8544100658be0e92aa7d42,2020-05-04 00:00:00
0x5b41f108fd2a994ce7d34d817dbb648ba338c99fb38218475ef3e407b1247af8,2020-05-04 00:00:00
0x11b7c600dc37e65f7c9c306dfc3efacf4e40389b19954b02f3c59283bd7a9e7c,2020-05-04 00:00:00
0x56d2daf673e8048619bca6a67b7a117b28ead51c1c094b287849f5636c7c5d4b,2020-05-04 00:00:00
0x5ad02e91c2d29d90d3ba489136d73e51d050c19f8da60f995529fddeaf7943c1,2020-05-04 00:00:00
0x118e80558f1d1cb1c067db6c7eec3b030d2ba5de228453bf1c74f693400f4e96,2020-05-04 00:00:00
0x21333a0ac6d5986cb0b4b16c962c7081990af9649cceecf4621e7ab115aa597a,2020-05-04 00:00:00
0x4ec3cbd5465208e464293548679be8db4ad8ba54683ad516296ce965e5e8c06d,2020-05-04 00:00:00
0x44e34617267626a51fe010a0b1b0c0d6be2da9635be190dc197f247775b9fefc,2020-05-04 00:00:00
0x51623801b0f06e72f186f9243276347a94af951c2fae6b5f0b89c50bb38c9fac,2020-05-04 00:00:00
0x4e3613f7343f2730377f61408aa93d2e9ef0780e06b15b374d696b2f83cd8ab8,2020-05-04 00:00:00
0x1e0b7276c272306532582232242e21026b00e6af25e09a81b5cab323d349dcc0,2020-05-04 00:00:00
0x0a86f96eec34bb36b85c1973f670f3df0e3789d2f7df19ae3c727310c5c74b60,2020-05-04 00:00:00
0x231b8c043671106a313e7663567cdd686b9a1f7c5a94186c41746c803e42dedd,2020-05-04 00:00:00
0x12357ff6eb80d4f63e3417ccad62be7910531774822f2ce4f74648181c668405,2020-05-04 00:00:00
0x3d85b36c5d9661da124caaababcd683c5bc166be7d73d5b81a6266cbba05b619,2020-05-04 00:00:00
0xa2948fc6b9415aa1ed18a5c5d65eef60ec94db53113c785d15c8963fde38fcbf,2020-05-04 00:00:00
0x35dbff6f8a9c1e3a1283803ff7200deb80a9497d0278c2cc99a11a8ebceaa12a,2020-05-04 00:00:00
0xf500051acbd18bb74328cabee834e1b4a126177cf8d36e5d4a88810bca028c65,2020-05-04 00:00:00
0x13116d75a59a5a016218c0f5daceab26ca868818b90c9dd74bf798242aa3103c,2020-05-04 00:00:00
0xa914f0ae2f8845a94ae97bad71e33470a546f82063d0ee5c9b73b55eef0f8506,2020-05-04 00:00:00
0x2a359b7e1d11783671a69a79be8933fdd9d0b97e873bfd6330cdf9454e9d5dd5,2020-05-04 00:00:00
0xbe44bb1685566ddd5c15e655886a002949efbe607bf0d500fb9f8e1cf22ab412,2020-05-04 00:00:00
0xa58d8354d900fff45cbaef93951b1c2314f77558aa8fe010492b5b5fc8e9616c,2020-05-04 00:00:00
0xac08fbde2cd6682b8edcf3e72d8b6550b9e37ccc15d2e766e2eada4ae3dc3728,2020-05-04 00:00:00
0x133d2cfc33f7e8f6528e3ff235774ad918945a2c0a9218a8b5d8c89d2ee3213a,2020-05-04 00:00:00
0x6402734169dfb723aa553f2ca17c3cabf0f6c3b390cb176b00b3d5fa2e74f077,2020-05-04 00:00:00
0xf207d6467ac75eeb38540f46987aa1ccdc1953fd4610991374f594b290f3fa22,2020-05-04 00:00:00
0xb00fe5fce1e169700a19a26d40059560c5889363196bacae3388ed1d10100207,2020-05-04 00:00:00
0x47c66ac1635e56a2a16f6e16f0efbb52d57b2fda49450e0abb42e6fc0468c544,2020-05-04 00:00:00
0x33535ae8b4701e941a8932c4f3e89d284e79a95db4c1842edf838e3619ac575a,2020-05-04 00:00:00
0xb5cf190c8cf92041b1d0f94a7c18ebdf64693129e05dfb75f1ecce9f05c3011a,2020-05-04 00:00:00
0x34b9bdc7248540413a1cc41691c0cd53bdab61f05569d99b3dc0810c4cd70365,2020-05-04 00:00:00
0x5f71b6238ea0c530ad5bb2a8f47b0d91dab9eaef6ae2b1bf703ad37401e55d1f,2020-05-04 00:00:00
0x9ce30c0e5ecfe9ee86d3c032221a66d19439446e6f9bdee132a8ad96516f8779,2020-05-04 00:00:00
0x4fb617f36246792c27253a012417640a17a030917755a175ef761d16138b3649,2020-05-04 00:00:00
0xb013394bf695a61c769cc6bf2ab61eb50c937968ec28160e3c653f7a199ba8f1,2020-05-04 00:00:00
0xb3eae60456d403034bbb4ff18a98edc237ddd464ce0232e4a43a6625632b9893,2020-05-04 00:00:00
0x76d36f03c1852cc2d7771dfbca84c53bee45776335b3edbf538eabdc2d5bac56,2020-05-04 00:00:00
0x45e119d5d614340cc94351f56e4d66769fd12b9898d21047aac4a6e910a7d669,2020-05-04 00:00:00
0x289c0c07c6ce5f1e2d7adbb2fd9e2aa1959d3522d69df99e7ae8cafea5180905,2020-05-04 00:00:00
0x4d937df0ff893800dbd86ebe814fbb99475bd2e41547ae659e66c92b8c6760f1,2020-05-04 00:00:00
0x9b7c185f3c02c68d9b253fe2c9917654bf76fd683b81f0970274d394472f3584,2020-05-04 00:00:00
0x532840a0ffed0b47e75a2d24d38dc4c9aca0dc5060edb612adbd9082c894fd8e,2020-05-04 00:00:00
0xb91b7dae9e93f9d001158c0e4bbf08ec99f20c075e72eb956701d453416c427d,2020-05-04 00:00:00
0x150fd6184cbae6f209ebe2bf5c12a97761b0181eeab3c4e426e4f3a6de64848d,2020-05-04 00:00:00
0x88c6facbf06e3719b75042559298161aaea2834809b78ff101528ac69124f17b,2020-05-04 00:00:00
0x384d202a8f195d97f031e765644a2c2aa8db50d87588be5865740c4be8fd651a,2020-05-04 00:00:00
0x43633648fdc550b74e2b00218fc5289e205e95635f9989b768bf2eac9c386be6,2020-05-04 00:00:00
0x9c2525c608bfdfa5c93a510ccfad63a55e406fbde8f5d777e860dc62074e8020,2020-05-04 00:00:00
0xc7886307eddb8fdd028cf38e135c528653d3c90fc4dd19a10577b0cb96e0b23f,2020-05-04 00:00:00
0x15e59651f529afc7af59686213534fbb56313db877cfe5de6a3ce0f9d8a104a2,2020-05-04 00:00:00
0x5d721e9fce270ec39678d71be122318a93bba696f3c21509fb80cee5e6c9b36b,2020-05-04 00:00:00
0xf9b4285fd309f87611db3425d41d68769dc5561d27835de94143dc0000816071,2020-05-04 00:00:00
0xbd21072d4b66ea93346e976c16faf858c8eca830299eeb23a5580755a66f0e8c,2020-05-04 00:00:00
0x00129f942d1e88606867055e988899ef65acdf1f7ee2925e322cb9d83641f71d,2020-05-04 00:00:00
0x55322a1fef028a1c57dda5e1ef2a2b626a842473829bc0a25de1a1cfd98244cc,2020-05-04 00:00:00
0x95199a8e1b18f194afc24726af7cf2150bfacfb122c7af0ea8423d4dd79adeac,2020-05-04 00:00:00
0x40d461cc7ab469140e33d7fa5892bd2b60d5bd44f7219368555d8b3d348d2c0a,2020-05-04 00:00:00
0x3b1d89ca80b4f4c44d06e44b0e9863c6afa13ac904c156298aca41d36c231474,2020-05-04 00:00:00
0x82a1f4695e08786da30a9db58681a7e428775dae7f8758cd7ac24bf0a38b9e98,2020-05-04 00:00:00
0x890be2713354cf5d088def8380c8d3521c448715dbd49d7211958230c929db53,2020-05-04 00:00:00
0x02febb2097e79018915fb977b9c030862315839ed8d6d62b1399f20e1b098043,2020-05-04 00:00:00
0x24d84593d52cbbc113644f2c5b1adfcd79c5375137e7e272f3f18e5ee26e31c3,2020-05-04 00:00:00
0x183e2aeb889202fba3bdbaf76dcb8df62564c364e79a6b68f1f2acdd2234c442,2020-05-04 00:00:00
0x3a8b12786ac162c2b8004af4bcf613a7136c670b0bf84024a49f7c7fab147336,2020-05-04 00:00:00
0x34135b11ed7b92686c2e40e18cf9a8663aced2f34c2ee798cb04372e92cb548c,2020-05-04 00:00:00
0xd260788855bf3fa63477f9309477c111a559d99b3a635d5235c715050da39c67,2020-05-04 00:00:00
0xe3746749d51f04d81a8ff15e2d90d6610d1d7ab973cfe399eef98ca7b547d09a,2020-05-04 00:00:00
0x8359b55fd49795a54f347e64302d4c5cff1b90d9bebf1b39d349d0f86cbb4846,2020-05-04 00:00:00
0x562b245f18d32f210238652e87f8bf8320f15b4d88d9a4b4cda5a7cec52ee716,2020-05-04 00:00:00
0x8e77bbc6d550bf7744a83178fb2bad58fc9bc2a2e304c2a8072cf363b60e168a,2020-05-04 00:00:00
0xf916aa8c01d195a59286d8616ef00c26e345a9544f3e559f237ad7e75c5c9665,2020-05-04 00:00:00
0x776eafbb93dc6a2eb57fb62034a1fb102e1d13fccc30733e1cb51732d95741c5,2020-05-04 00:00:00
0x3aeae0d1624bb81356bf65cc29a6e7fe780fa7665f7f03b285e45f4338fcdcce,2020-05-04 00:00:00
0xaf2d6bb605be4620cc56a52d3e91336352af1ac3735f717e14894844bb8d0711,2020-05-04 00:00:00
0x28239d9a268cbad54436a7ffd4b83c2aacb2cbec9ec9551fb539f5147a092405,2020-05-04 00:00:00
0x30d0d78f22dd4ce57163a58286f10752637ec18b62e2126a121bb284af7cb700,2020-05-04 00:00:00
